source,product_type,app_key,app_name,unified_category,play_category_clean,section,review_count,score,ratings_count,downloads
trustpilot,Company / Service,avadolearning.com,avadolearning.com,Education,Education & Training,,100,,,
trustpilot,Company / Service,e-careers.com,e-careers.com,Education,Education & Training,,100,,,
trustpilot,Company / Service,freecoursesinengland.co.uk,freecoursesinengland.co.uk,Education,Education & Training,,100,,,
trustpilot,Company / Service,icslearn.co.uk,icslearn.co.uk,Education,Education & Training,,100,,,
trustpilot,Company / Service,kaplan.co.uk,kaplan.co.uk,Education,Education & Training,,100,,,
trustpilot,Company / Service,oxbridgehomelearning.uk,oxbridgehomelearning.uk,Education,Education & Training,,100,,,
trustpilot,Company / Service,passmefast.co.uk,passmefast.co.uk,Education,Education & Training,,100,,,
trustpilot,Company / Service,reddrivingschool.com,reddrivingschool.com,Education,Education & Training,,100,,,
trustpilot,Company / Service,theknowledgeacademy.com,theknowledgeacademy.com,Education,Education & Training,,100,,,
trustpilot,Company / Service,thettcgroup.com,thettcgroup.com,Education,Education & Training,,100,,,
trustpilot,Company / Service,trinitycollege.com,trinitycollege.com,Education,Education & Training,,100,,,
trustpilot,Company / Service,www.citylit.ac.uk,www.citylit.ac.uk,Education,Education & Training,,100,,,
trustpilot,Company / Service,www.get-licensed.co.uk,www.get-licensed.co.uk,Education,Education & Training,,100,,,
trustpilot,Company / Service,www.i-to-i.com,www.i-to-i.com,Education,Education & Training,,100,,,
trustpilot,Company / Service,www.learndirect.com,www.learndirect.com,Education,Education & Training,,100,,,
trustpilot,Company / Service,www.learningpeople.com,www.learningpeople.com,Education,Education & Training,,100,,,
trustpilot,Company / Service,www.nationalintensive.com,www.nationalintensive.com,Education,Education & Training,,100,,,
trustpilot,Company / Service,www.oneeducation.org.uk,www.oneeducation.org.uk,Education,Education & Training,,100,,,
trustpilot,Company / Service,www.passngo.com,www.passngo.com,Education,Education & Training,,100,,,
trustpilot,Company / Service,www.virtual-college.co.uk,www.virtual-college.co.uk,Education,Education & Training,,100,,,
trustpilot,Company / Service,www.youngdriver.eu,www.youngdriver.eu,Education,Education & Training,,100,,,
trustpilot,Company / Service,firebrand.training,firebrand.training,Education,Education & Training,,99,,,
trustpilot,Company / Service,itonlinelearning.com,itonlinelearning.com,Education,Education & Training,,99,,,
trustpilot,Company / Service,safemedicate.com,safemedicate.com,Education,Education & Training,,99,,,
trustpilot,Company / Service,www.busuu.com,www.busuu.com,Education,Education & Training,,99,,,
trustpilot,Company / Service,purplecv.co.uk,purplecv.co.uk,Education,Education & Training,,98,,,
trustpilot,Company / Service,www.accesstraininguk.co.uk,www.accesstraininguk.co.uk,Education,Education & Training,,97,,,
trustpilot,Company / Service,www.sheilds.org,www.sheilds.org,Education,Education & Training,,97,,,
trustpilot,Company / Service,explorelearning.co.uk,explorelearning.co.uk,Education,Education & Training,,95,,,
trustpilot,Company / Service,www.tradeskills4u.co.uk,www.tradeskills4u.co.uk,Education,Education & Training,,95,,,
trustpilot,Company / Service,marisapeer.com,marisapeer.com,Education,Education & Training,,94,,,
trustpilot,Company / Service,www.medicalinterviewsuk.co.uk,www.medicalinterviewsuk.co.uk,Education,Education & Training,,94,,,
trustpilot,Company / Service,www.harrietellis.com,www.harrietellis.com,Education,Education & Training,,93,,,
trustpilot,Company / Service,billplant.co.uk,billplant.co.uk,Education,Education & Training,,91,,,
trustpilot,Company / Service,www.animalcoursesdirect.co.uk,www.animalcoursesdirect.co.uk,Education,Education & Training,,90,,,
trustpilot,Company / Service,www.hyperiondev.com,www.hyperiondev.com,Education,Education & Training,,90,,,
trustpilot,Company / Service,art-k.co.uk,art-k.co.uk,Education,Education & Training,,88,,,
trustpilot,Company / Service,arden.ac.uk,arden.ac.uk,Education,Education & Training,,87,,,
trustpilot,Company / Service,ihlondon.com,ihlondon.com,Education,Education & Training,,86,,,
trustpilot,Company / Service,firstpointusa.com,firstpointusa.com,Education,Education & Training,,85,,,
trustpilot,Company / Service,www.goldcross-training.co.uk,www.goldcross-training.co.uk,Education,Education & Training,,83,,,
trustpilot,Company / Service,ridleyacademy.com,ridleyacademy.com,Education,Education & Training,,82,,,
trustpilot,Company / Service,www.hudsoncourses.com,www.hudsoncourses.com,Education,Education & Training,,80,,,
trustpilot,Company / Service,www.drivejohnsons.co.uk,www.drivejohnsons.co.uk,Education,Education & Training,,79,,,
trustpilot,Company / Service,www.trainingstrategies.co.uk,www.trainingstrategies.co.uk,Education,Education & Training,,79,,,
trustpilot,Company / Service,www.origym.co.uk,www.origym.co.uk,Education,Education & Training,,78,,,
trustpilot,Company / Service,aroramedicaleducation.co.uk,aroramedicaleducation.co.uk,Education,Education & Training,,77,,,
trustpilot,Company / Service,flexebee.co.uk,flexebee.co.uk,Education,Education & Training,,76,,,
trustpilot,Company / Service,thedigitalcollege.co.uk,thedigitalcollege.co.uk,Education,Education & Training,,76,,,
trustpilot,Company / Service,theorytestpass.com,theorytestpass.com,Education,Education & Training,,75,,,
trustpilot,Company / Service,fortray.com,fortray.com,Education,Education & Training,,74,,,
trustpilot,Company / Service,www.nextstepbeauty.co.uk,www.nextstepbeauty.co.uk,Education,Education & Training,,73,,,
trustpilot,Company / Service,www.rocksteadymusicschool.com,www.rocksteadymusicschool.com,Education,Education & Training,,73,,,
trustpilot,Company / Service,www.sensoryintegrationeducation.com,www.sensoryintegrationeducation.com,Education,Education & Training,,71,,,
trustpilot,Company / Service,www.associationoflearning.com,www.associationoflearning.com,Education,Education & Training,,70,,,
trustpilot,Company / Service,www.investment-mastery.com,www.investment-mastery.com,Education,Education & Training,,69,,,
trustpilot,Company / Service,ncchomelearning.co.uk,ncchomelearning.co.uk,Education,Education & Training,,68,,,
trustpilot,Company / Service,www.theteflacademy.com,www.theteflacademy.com,Education,Education & Training,,64,,,
trustpilot,Company / Service,knightlearning.co.uk,knightlearning.co.uk,Education,Education & Training,,62,,,
trustpilot,Company / Service,www.ioscm.com,www.ioscm.com,Education,Education & Training,,62,,,
trustpilot,Company / Service,dtcuk.co,dtcuk.co,Education,Education & Training,,58,,,
trustpilot,Company / Service,screencastsonline.com,screencastsonline.com,Education,Education & Training,,58,,,
trustpilot,Company / Service,collegeofmediaandpublishing.co.uk,collegeofmediaandpublishing.co.uk,Education,Education & Training,,57,,,
trustpilot,Company / Service,pianogroove.com,pianogroove.com,Education,Education & Training,,56,,,
trustpilot,Company / Service,gradcoach.com,gradcoach.com,Education,Education & Training,,51,,,
trustpilot,Company / Service,www.futureinbeauty.com,www.futureinbeauty.com,Education,Education & Training,,49,,,
trustpilot,Company / Service,schoolofacademics.co.uk,schoolofacademics.co.uk,Education,Education & Training,,48,,,
trustpilot,Company / Service,www.universalskillsgroup.co.uk,www.universalskillsgroup.co.uk,Education,Education & Training,,48,,,
trustpilot,Company / Service,minifirstaid.co.uk,minifirstaid.co.uk,Education,Education & Training,,47,,,
trustpilot,Company / Service,skippersonline.net,skippersonline.net,Education,Education & Training,,47,,,
trustpilot,Company / Service,strengthandconditioningeducation.com,strengthandconditioningeducation.com,Education,Education & Training,,47,,,
trustpilot,Company / Service,broadbentco.co.uk,broadbentco.co.uk,Education,Education & Training,,46,,,
trustpilot,Company / Service,www.idealschools.co.uk,www.idealschools.co.uk,Education,Education & Training,,46,,,
trustpilot,Company / Service,medichut.com,medichut.com,Education,Education & Training,,44,,,
trustpilot,Company / Service,www.thepasspeople.co.uk,www.thepasspeople.co.uk,Education,Education & Training,,40,,,
trustpilot,Company / Service,scottsbasslessons.com,scottsbasslessons.com,Education,Education & Training,,39,,,
trustpilot,Company / Service,pyjamadrama.com,pyjamadrama.com,Education,Education & Training,,31,,,
trustpilot,Company / Service,uk-assignments.com,uk-assignments.com,Education,Education & Training,,28,,,
trustpilot,Company / Service,abcsupplychain.com,abcsupplychain.com,Education,Education & Training,,27,,,
trustpilot,Company / Service,ardent-training.com,ardent-training.com,Education,Education & Training,,27,,,
trustpilot,Company / Service,actonthis.tv,actonthis.tv,Education,Education & Training,,26,,,
trustpilot,Company / Service,m2hse.co.uk,m2hse.co.uk,Education,Education & Training,,22,,,
trustpilot,Company / Service,thfi.com,thfi.com,Education,Education & Training,,22,,,
trustpilot,Company / Service,quartersbarberingacademy.co.uk,quartersbarberingacademy.co.uk,Education,Education & Training,,21,,,
trustpilot,Company / Service,digitalartsbox.org,digitalartsbox.org,Education,Education & Training,,20,,,
trustpilot,Company / Service,getmoneywiser.com,getmoneywiser.com,Education,Education & Training,,13,,,
trustpilot,Company / Service,bookshop.blackwell.co.uk,bookshop.blackwell.co.uk,Entertainment & Media,Media & Publishing,,100,,,
trustpilot,Company / Service,booksplea.se,booksplea.se,Entertainment & Media,Media & Publishing,,100,,,
trustpilot,Company / Service,bootsphoto.com,bootsphoto.com,Entertainment & Media,Media & Publishing,,100,,,
trustpilot,Company / Service,cewe.co.uk,cewe.co.uk,Entertainment & Media,Media & Publishing,,100,,,
trustpilot,Company / Service,chrisrileymedium.com,chrisrileymedium.com,Entertainment & Media,Hobbies & Crafts,,100,,,
trustpilot,Company / Service,dice.fm,dice.fm,Entertainment & Media,Events & Entertainment,,100,,,
trustpilot,Company / Service,eil.com,eil.com,Entertainment & Media,Media & Publishing,,100,,,
trustpilot,Company / Service,fairdealmusic.co.uk,fairdealmusic.co.uk,Entertainment & Media,Hobbies & Crafts,,100,,,
trustpilot,Company / Service,fanpass.co.uk,fanpass.co.uk,Entertainment & Media,Events & Entertainment,,100,,,
trustpilot,Company / Service,foliosociety.com,foliosociety.com,Entertainment & Media,Media & Publishing,,100,,,
trustpilot,Company / Service,freesnaps.co.uk,freesnaps.co.uk,Entertainment & Media,Media & Publishing,,100,,,
trustpilot,Company / Service,getinthemix.com,getinthemix.com,Entertainment & Media,Media & Publishing,,100,,,
trustpilot,Company / Service,hattonsoflondon.co.uk,hattonsoflondon.co.uk,Entertainment & Media,Hobbies & Crafts,,100,,,
trustpilot,Company / Service,horizonsmusic.co.uk,horizonsmusic.co.uk,Entertainment & Media,Media & Publishing,,100,,,
trustpilot,Company / Service,jadlamracingmodels.com,jadlamracingmodels.com,Entertainment & Media,Hobbies & Crafts,,100,,,
trustpilot,Company / Service,omaze.co.uk,omaze.co.uk,Entertainment & Media,Events & Entertainment,,100,,,
trustpilot,Company / Service,planetoffers.co.uk,planetoffers.co.uk,Entertainment & Media,Media & Publishing,,100,,,
trustpilot,Company / Service,popsa.com,popsa.com,Entertainment & Media,Media & Publishing,,100,,,
trustpilot,Company / Service,poundfabrics.co.uk,poundfabrics.co.uk,Entertainment & Media,Hobbies & Crafts,,100,,,
trustpilot,Company / Service,rarewaves.com,rarewaves.com,Entertainment & Media,Media & Publishing,,100,,,
trustpilot,Company / Service,routenote.com,routenote.com,Entertainment & Media,Media & Publishing,,100,,,
trustpilot,Company / Service,scifier.com,scifier.com,Entertainment & Media,Media & Publishing,,100,,,
trustpilot,Company / Service,seatunique.com,seatunique.com,Entertainment & Media,Events & Entertainment,,100,,,
trustpilot,Company / Service,storage4crafts.co.uk,storage4crafts.co.uk,Entertainment & Media,Hobbies & Crafts,,100,,,
trustpilot,Company / Service,stubhub.co.uk,stubhub.co.uk,Entertainment & Media,Events & Entertainment,,100,,,
trustpilot,Company / Service,uk.match.com,uk.match.com,Entertainment & Media,Events & Entertainment,,100,,,
trustpilot,Company / Service,wonderbly.com,wonderbly.com,Entertainment & Media,Media & Publishing,,100,,,
trustpilot,Company / Service,worldofbooks.com,worldofbooks.com,Entertainment & Media,Media & Publishing,,100,,,
trustpilot,Company / Service,www.1clickprint.com,www.1clickprint.com,Entertainment & Media,Media & Publishing,,100,,,
trustpilot,Company / Service,www.altontowers.com,www.altontowers.com,Entertainment & Media,Events & Entertainment,,100,,,
trustpilot,Company / Service,www.amazon.com,www.amazon.com,Entertainment & Media,Media & Publishing,,100,,,
trustpilot,Company / Service,www.anglingactive.co.uk,www.anglingactive.co.uk,Entertainment & Media,Hobbies & Crafts,,100,,,
trustpilot,Company / Service,www.atgtickets.com,www.atgtickets.com,Entertainment & Media,Events & Entertainment,,100,,,
trustpilot,Company / Service,www.attractiontickets.com,www.attractiontickets.com,Entertainment & Media,Events & Entertainment,,100,,,
trustpilot,Company / Service,www.audible.co.uk,www.audible.co.uk,Entertainment & Media,Media & Publishing,,100,,,
trustpilot,Company / Service,www.bakerross.co.uk,www.bakerross.co.uk,Entertainment & Media,Hobbies & Crafts,,100,,,
trustpilot,Company / Service,www.bondara.co.uk,www.bondara.co.uk,Entertainment & Media,Events & Entertainment,,100,,,
trustpilot,Company / Service,www.books2door.com,www.books2door.com,Entertainment & Media,Media & Publishing,,100,,,
trustpilot,Company / Service,www.buyagift.co.uk,www.buyagift.co.uk,Entertainment & Media,Events & Entertainment,,100,,,
trustpilot,Company / Service,www.designmynight.com,www.designmynight.com,Entertainment & Media,Media & Publishing,,100,,,
trustpilot,Company / Service,www.empiremedals.com,www.empiremedals.com,Entertainment & Media,Hobbies & Crafts,,100,,,
trustpilot,Company / Service,www.ents24.com,www.ents24.com,Entertainment & Media,Events & Entertainment,,100,,,
trustpilot,Company / Service,www.fanatical.com,www.fanatical.com,Entertainment & Media,Events & Entertainment,,100,,,
trustpilot,Company / Service,www.funkypigeon.com,www.funkypigeon.com,Entertainment & Media,Events & Entertainment,,100,,,
trustpilot,Company / Service,www.gak.co.uk,www.gak.co.uk,Entertainment & Media,Media & Publishing,,100,,,
trustpilot,Company / Service,www.gear4music.com,www.gear4music.com,Entertainment & Media,Media & Publishing,,100,,,
trustpilot,Company / Service,www.getmein.com,www.getmein.com,Entertainment & Media,Media & Publishing,,100,,,
trustpilot,Company / Service,www.gigsandtours.com,www.gigsandtours.com,Entertainment & Media,Events & Entertainment,,100,,,
trustpilot,Company / Service,www.hachettepartworks.com,www.hachettepartworks.com,Entertainment & Media,Hobbies & Crafts,,100,,,
trustpilot,Company / Service,www.heinnie.com,www.heinnie.com,Entertainment & Media,Hobbies & Crafts,,100,,,
trustpilot,Company / Service,www.hmv.com,www.hmv.com,Entertainment & Media,Media & Publishing,,100,,,
trustpilot,Company / Service,www.hobbycraft.co.uk,www.hobbycraft.co.uk,Entertainment & Media,Hobbies & Crafts,,100,,,
trustpilot,Company / Service,www.hotroxuk.com,www.hotroxuk.com,Entertainment & Media,Hobbies & Crafts,,100,,,
trustpilot,Company / Service,www.incrystals.co.uk,www.incrystals.co.uk,Entertainment & Media,Media & Publishing,,100,,,
trustpilot,Company / Service,www.isubscribe.co.uk,www.isubscribe.co.uk,Entertainment & Media,Media & Publishing,,100,,,
trustpilot,Company / Service,www.juno.co.uk,www.juno.co.uk,Entertainment & Media,Media & Publishing,,100,,,
trustpilot,Company / Service,www.londontheatre.co.uk,www.londontheatre.co.uk,Entertainment & Media,Events & Entertainment,,100,,,
trustpilot,Company / Service,www.lovehoney.co.uk,www.lovehoney.co.uk,Entertainment & Media,Events & Entertainment,,100,,,
trustpilot,Company / Service,www.lovetheatre.com,www.lovetheatre.com,Entertainment & Media,Events & Entertainment,,100,,,
trustpilot,Company / Service,www.modelsport.co.uk,www.modelsport.co.uk,Entertainment & Media,Hobbies & Crafts,,100,,,
trustpilot,Company / Service,www.photobox.co.uk,www.photobox.co.uk,Entertainment & Media,Media & Publishing,,100,,,
trustpilot,Company / Service,www.redletterdays.co.uk,www.redletterdays.co.uk,Entertainment & Media,Events & Entertainment,,100,,,
trustpilot,Company / Service,www.richtonemusic.co.uk,www.richtonemusic.co.uk,Entertainment & Media,Hobbies & Crafts,,100,,,
trustpilot,Company / Service,www.seetickets.com,www.seetickets.com,Entertainment & Media,Events & Entertainment,,100,,,
trustpilot,Company / Service,www.shopto.net,www.shopto.net,Entertainment & Media,Events & Entertainment,,100,,,
trustpilot,Company / Service,www.skiddle.com,www.skiddle.com,Entertainment & Media,Events & Entertainment,,100,,,
trustpilot,Company / Service,www.sky.com,www.sky.com,Entertainment & Media,Media & Publishing,,100,,,
trustpilot,Company / Service,www.snapfish.co.uk,www.snapfish.co.uk,Entertainment & Media,Media & Publishing,,100,,,
trustpilot,Company / Service,www.stitcher.co.uk,www.stitcher.co.uk,Entertainment & Media,Hobbies & Crafts,,100,,,
trustpilot,Company / Service,www.stringsdirect.co.uk,www.stringsdirect.co.uk,Entertainment & Media,Media & Publishing,,100,,,
trustpilot,Company / Service,www.terrysfabrics.co.uk,www.terrysfabrics.co.uk,Entertainment & Media,Hobbies & Crafts,,100,,,
trustpilot,Company / Service,www.ticketmaster.co.uk,www.ticketmaster.co.uk,Entertainment & Media,Events & Entertainment,,100,,,
trustpilot,Company / Service,www.trophystore.co.uk,www.trophystore.co.uk,Entertainment & Media,Hobbies & Crafts,,100,,,
trustpilot,Company / Service,www.twickets.live,www.twickets.live,Entertainment & Media,Events & Entertainment,,100,,,
trustpilot,Company / Service,www.virginexperiencedays.co.uk,www.virginexperiencedays.co.uk,Entertainment & Media,Events & Entertainment,,100,,,
trustpilot,Company / Service,www.whybuynew.co.uk,www.whybuynew.co.uk,Entertainment & Media,Media & Publishing,,100,,,
trustpilot,Company / Service,www.worldofwool.co.uk,www.worldofwool.co.uk,Entertainment & Media,Hobbies & Crafts,,100,,,
trustpilot,Company / Service,analoguewonderland.co.uk,analoguewonderland.co.uk,Entertainment & Media,Media & Publishing,,99,,,
trustpilot,Company / Service,asda-photo.co.uk,asda-photo.co.uk,Entertainment & Media,Media & Publishing,,99,,,
trustpilot,Company / Service,eventim.co.uk,eventim.co.uk,Entertainment & Media,Hobbies & Crafts,,99,,,
trustpilot,Company / Service,hittinitbig.com,hittinitbig.com,Entertainment & Media,Events & Entertainment,,99,,,
trustpilot,Company / Service,pocketmags.com,pocketmags.com,Entertainment & Media,Media & Publishing,,99,,,
trustpilot,Company / Service,rpbooks.co.uk,rpbooks.co.uk,Entertainment & Media,Media & Publishing,,99,,,
trustpilot,Company / Service,seatplan.com,seatplan.com,Entertainment & Media,Events & Entertainment,,99,,,
trustpilot,Company / Service,studiobookings.co.uk,studiobookings.co.uk,Entertainment & Media,Media & Publishing,,99,,,
trustpilot,Company / Service,theknittingnetwork.co.uk,theknittingnetwork.co.uk,Entertainment & Media,Hobbies & Crafts,,99,,,
trustpilot,Company / Service,trimmingshop.co.uk,trimmingshop.co.uk,Entertainment & Media,Hobbies & Crafts,,99,,,
trustpilot,Company / Service,veed.io,veed.io,Entertainment & Media,Media & Publishing,,99,,,
trustpilot,Company / Service,www.biggreenegg.co.uk,www.biggreenegg.co.uk,Entertainment & Media,Events & Entertainment,,99,,,
trustpilot,Company / Service,www.bradford.co.uk,www.bradford.co.uk,Entertainment & Media,Hobbies & Crafts,,99,,,
trustpilot,Company / Service,www.dittomusic.com,www.dittomusic.com,Entertainment & Media,Media & Publishing,,99,,,
trustpilot,Company / Service,www.impacttrophies.co.uk,www.impacttrophies.co.uk,Entertainment & Media,Hobbies & Crafts,,99,,,
trustpilot,Company / Service,www.londontheatredirect.com,www.londontheatredirect.com,Entertainment & Media,Events & Entertainment,,99,,,
trustpilot,Company / Service,www.norwichcamping.co.uk,www.norwichcamping.co.uk,Entertainment & Media,Hobbies & Crafts,,99,,,
trustpilot,Company / Service,www.reidys.com,www.reidys.com,Entertainment & Media,Hobbies & Crafts,,99,,,
trustpilot,Company / Service,www.securemybooking.com,www.securemybooking.com,Entertainment & Media,Events & Entertainment,,99,,,
trustpilot,Company / Service,www.simlab.co.uk,www.simlab.co.uk,Entertainment & Media,Media & Publishing,,99,,,
trustpilot,Company / Service,www.ticketplangroup.com,www.ticketplangroup.com,Entertainment & Media,Events & Entertainment,,99,,,
trustpilot,Company / Service,www.uttings.co.uk,www.uttings.co.uk,Entertainment & Media,Hobbies & Crafts,,99,,,
trustpilot,Company / Service,www.yupptv.com,www.yupptv.com,Entertainment & Media,Media & Publishing,,99,,,
trustpilot,Company / Service,motorsporttickets.com,motorsporttickets.com,Entertainment & Media,Events & Entertainment,,98,,,
trustpilot,Company / Service,qmee.com,qmee.com,Entertainment & Media,Media & Publishing,,98,,,
trustpilot,Company / Service,www.musicroom.com,www.musicroom.com,Entertainment & Media,Media & Publishing,,98,,,
trustpilot,Company / Service,www.viewsbank.com,www.viewsbank.com,Entertainment & Media,Media & Publishing,,98,,,
trustpilot,Company / Service,www.vinyltap.co.uk,www.vinyltap.co.uk,Entertainment & Media,Media & Publishing,,97,,,
trustpilot,Company / Service,libidex.com,libidex.com,Entertainment & Media,Events & Entertainment,,96,,,
trustpilot,Company / Service,www.roughtrade.com,www.roughtrade.com,Entertainment & Media,Media & Publishing,,96,,,
trustpilot,Company / Service,psychicsamira.com,psychicsamira.com,Entertainment & Media,Events & Entertainment,,95,,,
trustpilot,Company / Service,www.loopmasters.com,www.loopmasters.com,Entertainment & Media,Media & Publishing,,95,,,
trustpilot,Company / Service,www.chalkys.com,www.chalkys.com,Entertainment & Media,Media & Publishing,,94,,,
trustpilot,Company / Service,key-drop.pl,key-drop.pl,Entertainment & Media,Events & Entertainment,,93,,,
trustpilot,Company / Service,www.psychicsofa.com,www.psychicsofa.com,Entertainment & Media,Hobbies & Crafts,,91,,,
trustpilot,Company / Service,www.bbc.com,www.bbc.com,Entertainment & Media,Media & Publishing,,90,,,
trustpilot,Company / Service,www.jayceetrophies.co.uk,www.jayceetrophies.co.uk,Entertainment & Media,Hobbies & Crafts,,90,,,
trustpilot,Company / Service,www.musicmatter.co.uk,www.musicmatter.co.uk,Entertainment & Media,Media & Publishing,,87,,,
trustpilot,Company / Service,www.peachguitars.com,www.peachguitars.com,Entertainment & Media,Hobbies & Crafts,,84,,,
trustpilot,Company / Service,www.themodelcentre.com,www.themodelcentre.com,Entertainment & Media,Hobbies & Crafts,,84,,,
trustpilot,Company / Service,marquee.tv,marquee.tv,Entertainment & Media,Events & Entertainment,,83,,,
trustpilot,Company / Service,rguitars.co.uk,rguitars.co.uk,Entertainment & Media,Hobbies & Crafts,,82,,,
trustpilot,Company / Service,www.showfilmfirst.com,www.showfilmfirst.com,Entertainment & Media,Events & Entertainment,,81,,,
trustpilot,Company / Service,witchcasket.co.uk,witchcasket.co.uk,Entertainment & Media,Hobbies & Crafts,,80,,,
trustpilot,Company / Service,pingperfect.com,pingperfect.com,Entertainment & Media,Events & Entertainment,,79,,,
trustpilot,Company / Service,madetomeasureglass.co.uk,madetomeasureglass.co.uk,Entertainment & Media,Hobbies & Crafts,,77,,,
trustpilot,Company / Service,ra.co,ra.co,Entertainment & Media,Events & Entertainment,,76,,,
trustpilot,Company / Service,www.japan2uk.com,www.japan2uk.com,Entertainment & Media,Hobbies & Crafts,,76,,,
trustpilot,Company / Service,restless.co.uk,restless.co.uk,Entertainment & Media,Media & Publishing,,73,,,
trustpilot,Company / Service,sportticketsoffice.com,sportticketsoffice.com,Entertainment & Media,Events & Entertainment,,72,,,
trustpilot,Company / Service,ticketsource.co.uk,ticketsource.co.uk,Entertainment & Media,Events & Entertainment,,72,,,
trustpilot,Company / Service,thediscdjstore.com,thediscdjstore.com,Entertainment & Media,Hobbies & Crafts,,71,,,
trustpilot,Company / Service,rubadub.co.uk,rubadub.co.uk,Entertainment & Media,Hobbies & Crafts,,69,,,
trustpilot,Company / Service,ukcarptech.com,ukcarptech.com,Entertainment & Media,Hobbies & Crafts,,68,,,
trustpilot,Company / Service,www.wegottickets.com,www.wegottickets.com,Entertainment & Media,Events & Entertainment,,68,,,
trustpilot,Company / Service,www.kooma.co.uk,www.kooma.co.uk,Entertainment & Media,Hobbies & Crafts,,67,,,
trustpilot,Company / Service,www.theaudienceclub.com,www.theaudienceclub.com,Entertainment & Media,Events & Entertainment,,65,,,
trustpilot,Company / Service,www.bigorbitcards.co.uk,www.bigorbitcards.co.uk,Entertainment & Media,Hobbies & Crafts,,64,,,
trustpilot,Company / Service,kentmodels.co.uk,kentmodels.co.uk,Entertainment & Media,Hobbies & Crafts,,63,,,
trustpilot,Company / Service,scottstonebridge.com,scottstonebridge.com,Entertainment & Media,Events & Entertainment,,63,,,
trustpilot,Company / Service,www.abakhan.co.uk,www.abakhan.co.uk,Entertainment & Media,Hobbies & Crafts,,63,,,
trustpilot,Company / Service,www.lensesforhire.co.uk,www.lensesforhire.co.uk,Entertainment & Media,Media & Publishing,,62,,,
trustpilot,Company / Service,www.shamanscrystal.co.uk,www.shamanscrystal.co.uk,Entertainment & Media,Hobbies & Crafts,,61,,,
trustpilot,Company / Service,dragonbet.co.uk,dragonbet.co.uk,Entertainment & Media,Events & Entertainment,,60,,,
trustpilot,Company / Service,beargarden.co.uk,beargarden.co.uk,Entertainment & Media,Hobbies & Crafts,,58,,,
trustpilot,Company / Service,dreamboys.co.uk,dreamboys.co.uk,Entertainment & Media,Events & Entertainment,,57,,,
trustpilot,Company / Service,glistrr.com,glistrr.com,Entertainment & Media,Events & Entertainment,,57,,,
trustpilot,Company / Service,rangeandcountry.co.uk,rangeandcountry.co.uk,Entertainment & Media,Events & Entertainment,,57,,,
trustpilot,Company / Service,www.northeastguitar.co.uk,www.northeastguitar.co.uk,Entertainment & Media,Hobbies & Crafts,,57,,,
trustpilot,Company / Service,www.minimumworld.com,www.minimumworld.com,Entertainment & Media,Hobbies & Crafts,,56,,,
trustpilot,Company / Service,fenixtorch.co.uk,fenixtorch.co.uk,Entertainment & Media,Hobbies & Crafts,,54,,,
trustpilot,Company / Service,www.guitar.co.uk,www.guitar.co.uk,Entertainment & Media,Hobbies & Crafts,,54,,,
trustpilot,Company / Service,lovetovisit.com,lovetovisit.com,Entertainment & Media,Events & Entertainment,,53,,,
trustpilot,Company / Service,moviefigures.co.uk,moviefigures.co.uk,Entertainment & Media,Hobbies & Crafts,,53,,,
trustpilot,Company / Service,party-strip.co.uk,party-strip.co.uk,Entertainment & Media,Events & Entertainment,,50,,,
trustpilot,Company / Service,boxofficeevents.com,boxofficeevents.com,Entertainment & Media,Events & Entertainment,,49,,,
trustpilot,Company / Service,altaya.fr,altaya.fr,Entertainment & Media,Hobbies & Crafts,,47,,,
trustpilot,Company / Service,linapatchwork.com,linapatchwork.com,Entertainment & Media,Hobbies & Crafts,,47,,,
trustpilot,Company / Service,www.benaughty.com,www.benaughty.com,Entertainment & Media,Events & Entertainment,,47,,,
trustpilot,Company / Service,emystics.co.uk,emystics.co.uk,Entertainment & Media,Hobbies & Crafts,,46,,,
trustpilot,Company / Service,funkidsentertainers.co.uk,funkidsentertainers.co.uk,Entertainment & Media,Events & Entertainment,,46,,,
trustpilot,Company / Service,primecookout.com,primecookout.com,Entertainment & Media,Events & Entertainment,,46,,,
trustpilot,Company / Service,www.digitalconverters.co.uk,www.digitalconverters.co.uk,Entertainment & Media,Media & Publishing,,46,,,
trustpilot,Company / Service,achamilton.co.uk,achamilton.co.uk,Entertainment & Media,Hobbies & Crafts,,45,,,
trustpilot,Company / Service,stagecoach.co.uk,stagecoach.co.uk,Entertainment & Media,Events & Entertainment,,45,,,
trustpilot,Company / Service,www.nimaxtheatres.com,www.nimaxtheatres.com,Entertainment & Media,Events & Entertainment,,45,,,
trustpilot,Company / Service,woodcraftshapes.co.uk,woodcraftshapes.co.uk,Entertainment & Media,Hobbies & Crafts,,44,,,
trustpilot,Company / Service,chrisalsopguitar.co.uk,chrisalsopguitar.co.uk,Entertainment & Media,Hobbies & Crafts,,43,,,
trustpilot,Company / Service,thefeltbox.co.uk,thefeltbox.co.uk,Entertainment & Media,Hobbies & Crafts,,43,,,
trustpilot,Company / Service,www.mypaintbrush.co.uk,www.mypaintbrush.co.uk,Entertainment & Media,Hobbies & Crafts,,43,,,
trustpilot,Company / Service,www.hydeparkwinterwonderland.com,www.hydeparkwinterwonderland.com,Entertainment & Media,Events & Entertainment,,42,,,
trustpilot,Company / Service,www.ddcompetitions.com,www.ddcompetitions.com,Entertainment & Media,Events & Entertainment,,41,,,
trustpilot,Company / Service,alakazam.co.uk,alakazam.co.uk,Entertainment & Media,Hobbies & Crafts,,40,,,
trustpilot,Company / Service,caterpillarcrossstitch.com,caterpillarcrossstitch.com,Entertainment & Media,Hobbies & Crafts,,39,,,
trustpilot,Company / Service,deercentral.co.uk,deercentral.co.uk,Entertainment & Media,Hobbies & Crafts,,39,,,
trustpilot,Company / Service,psychicreaderjobs.co.uk,psychicreaderjobs.co.uk,Entertainment & Media,Hobbies & Crafts,,39,,,
trustpilot,Company / Service,theludoquist.com,theludoquist.com,Entertainment & Media,Events & Entertainment,,39,,,
trustpilot,Company / Service,www.hauntingnights.co.uk,www.hauntingnights.co.uk,Entertainment & Media,Events & Entertainment,,36,,,
trustpilot,Company / Service,craftamo.com,craftamo.com,Entertainment & Media,Hobbies & Crafts,,35,,,
trustpilot,Company / Service,funomenalparties.co.uk,funomenalparties.co.uk,Entertainment & Media,Events & Entertainment,,35,,,
trustpilot,Company / Service,homeopathicbooks.com,homeopathicbooks.com,Entertainment & Media,Media & Publishing,,33,,,
trustpilot,Company / Service,video125.com,video125.com,Entertainment & Media,Media & Publishing,,33,,,
trustpilot,Company / Service,www.phillipshobbies.co.uk,www.phillipshobbies.co.uk,Entertainment & Media,Hobbies & Crafts,,33,,,
trustpilot,Company / Service,thechristmasdecorators.co.uk,thechristmasdecorators.co.uk,Entertainment & Media,Events & Entertainment,,32,,,
trustpilot,Company / Service,thecrystalcompany.shop,thecrystalcompany.shop,Entertainment & Media,Hobbies & Crafts,,32,,,
trustpilot,Company / Service,www.traceymustard.com,www.traceymustard.com,Entertainment & Media,Hobbies & Crafts,,32,,,
trustpilot,Company / Service,brightonion.co.uk,brightonion.co.uk,Entertainment & Media,Hobbies & Crafts,,31,,,
trustpilot,Company / Service,oeshop.co.uk,oeshop.co.uk,Entertainment & Media,Hobbies & Crafts,,31,,,
trustpilot,Company / Service,homeoftone.co.uk,homeoftone.co.uk,Entertainment & Media,Hobbies & Crafts,,30,,,
trustpilot,Company / Service,wafflecompetitions.co.uk,wafflecompetitions.co.uk,Entertainment & Media,Events & Entertainment,,30,,,
trustpilot,Company / Service,www.graveshamtrophycentre.co.uk,www.graveshamtrophycentre.co.uk,Entertainment & Media,Hobbies & Crafts,,30,,,
trustpilot,Company / Service,bulkfishpellets.co.uk,bulkfishpellets.co.uk,Entertainment & Media,Hobbies & Crafts,,29,,,
trustpilot,Company / Service,morrisworks.co.uk,morrisworks.co.uk,Entertainment & Media,Hobbies & Crafts,,29,,,
trustpilot,Company / Service,soapsupply.co.uk,soapsupply.co.uk,Entertainment & Media,Hobbies & Crafts,,29,,,
trustpilot,Company / Service,tryhard.gg,tryhard.gg,Entertainment & Media,Events & Entertainment,,29,,,
trustpilot,Company / Service,snowprincess.co.uk,snowprincess.co.uk,Entertainment & Media,Events & Entertainment,,27,,,
trustpilot,Company / Service,theatretrain.co.uk,theatretrain.co.uk,Entertainment & Media,Events & Entertainment,,27,,,
trustpilot,Company / Service,scottishwhiskycompetitions.com,scottishwhiskycompetitions.com,Entertainment & Media,Events & Entertainment,,26,,,
trustpilot,Company / Service,chunkycottons.co.uk,chunkycottons.co.uk,Entertainment & Media,Hobbies & Crafts,,25,,,
trustpilot,Company / Service,claritycomps.co.uk,claritycomps.co.uk,Entertainment & Media,Events & Entertainment,,25,,,
trustpilot,Company / Service,lunaamatores.co.uk,lunaamatores.co.uk,Entertainment & Media,Hobbies & Crafts,,24,,,
trustpilot,Company / Service,scarva.com,scarva.com,Entertainment & Media,Hobbies & Crafts,,24,,,
trustpilot,Company / Service,ejaydesign.com,ejaydesign.com,Entertainment & Media,Hobbies & Crafts,,23,,,
trustpilot,Company / Service,fansale.de,fansale.de,Entertainment & Media,Events & Entertainment,,23,,,
trustpilot,Company / Service,misopaper.co.uk,misopaper.co.uk,Entertainment & Media,Hobbies & Crafts,,23,,,
trustpilot,Company / Service,www.sewaffordable.co.uk,www.sewaffordable.co.uk,Entertainment & Media,Hobbies & Crafts,,23,,,
trustpilot,Company / Service,groupline.com,groupline.com,Entertainment & Media,Events & Entertainment,,22,,,
trustpilot,Company / Service,ezhampers.co.uk,ezhampers.co.uk,Entertainment & Media,Events & Entertainment,,21,,,
trustpilot,Company / Service,geckoman.co.uk,geckoman.co.uk,Entertainment & Media,Hobbies & Crafts,,21,,,
trustpilot,Company / Service,im-puzzled.com,im-puzzled.com,Entertainment & Media,Events & Entertainment,,21,,,
trustpilot,Company / Service,mix-ease.com,mix-ease.com,Entertainment & Media,Media & Publishing,,21,,,
trustpilot,Company / Service,thegoodthebadandtherobots.co.uk,thegoodthebadandtherobots.co.uk,Entertainment & Media,Hobbies & Crafts,,21,,,
trustpilot,Company / Service,exceedevents.co.uk,exceedevents.co.uk,Entertainment & Media,Events & Entertainment,,20,,,
trustpilot,Company / Service,glowingevents.uk,glowingevents.uk,Entertainment & Media,Events & Entertainment,,20,,,
trustpilot,Company / Service,kunlesgamesnight.com,kunlesgamesnight.com,Entertainment & Media,Events & Entertainment,,20,,,
trustpilot,Company / Service,makenoiseproaudio.co.uk,makenoiseproaudio.co.uk,Entertainment & Media,Hobbies & Crafts,,20,,,
trustpilot,Company / Service,mastervinyl.shop,mastervinyl.shop,Entertainment & Media,Media & Publishing,,20,,,
trustpilot,Company / Service,sta.co,sta.co,Entertainment & Media,Hobbies & Crafts,,20,,,
trustpilot,Company / Service,www.thecrazycrystalladyuk.com,www.thecrazycrystalladyuk.com,Entertainment & Media,Hobbies & Crafts,,20,,,
trustpilot,Company / Service,discotec.co.uk,discotec.co.uk,Entertainment & Media,Media & Publishing,,19,,,
trustpilot,Company / Service,www.thealphabetgiftshop.co.uk,www.thealphabetgiftshop.co.uk,Entertainment & Media,Events & Entertainment,,15,,,
trustpilot,Company / Service,esleyboaseartist.co.uk,esleyboaseartist.co.uk,Entertainment & Media,Hobbies & Crafts,,9,,,
trustpilot,Company / Service,airtimerewards.co.uk,airtimerewards.co.uk,Finance & Payments,Money & Insurance,,100,,,
trustpilot,Company / Service,blockchain.com,blockchain.com,Finance & Payments,Money & Insurance,,100,,,
trustpilot,Company / Service,chase.co.uk,chase.co.uk,Finance & Payments,Money & Insurance,,100,,,
trustpilot,Company / Service,flatfair.co.uk,flatfair.co.uk,Finance & Payments,Money & Insurance,,100,,,
trustpilot,Company / Service,getyourtaxreturned.co.uk,getyourtaxreturned.co.uk,Finance & Payments,Money & Insurance,,100,,,
trustpilot,Company / Service,kraken.com,kraken.com,Finance & Payments,Money & Insurance,,100,,,
trustpilot,Company / Service,purplebricks.co.uk,purplebricks.co.uk,Finance & Payments,Money & Insurance,,100,,,
trustpilot,Company / Service,saladmoney.co.uk,saladmoney.co.uk,Finance & Payments,Money & Insurance,,100,,,
trustpilot,Company / Service,smallworldfs.com,smallworldfs.com,Finance & Payments,Money & Insurance,,100,,,
trustpilot,Company / Service,tide.co,tide.co,Finance & Payments,Money & Insurance,,100,,,
trustpilot,Company / Service,transfergo.com,transfergo.com,Finance & Payments,Money & Insurance,,100,,,
trustpilot,Company / Service,tsb.co.uk,tsb.co.uk,Finance & Payments,Money & Insurance,,100,,,
trustpilot,Company / Service,uk.virginmoney.com,uk.virginmoney.com,Finance & Payments,Money & Insurance,,100,,,
trustpilot,Company / Service,wirexapp.com,wirexapp.com,Finance & Payments,Money & Insurance,,100,,,
trustpilot,Company / Service,wise.com,wise.com,Finance & Payments,Money & Insurance,,100,,,
trustpilot,Company / Service,www.aldermore.co.uk,www.aldermore.co.uk,Finance & Payments,Money & Insurance,,100,,,
trustpilot,Company / Service,www.cashback.co.uk,www.cashback.co.uk,Finance & Payments,Money & Insurance,,100,,,
trustpilot,Company / Service,www.firstdirect.com,www.firstdirect.com,Finance & Payments,Money & Insurance,,100,,,
trustpilot,Company / Service,www.hsbc.co.uk,www.hsbc.co.uk,Finance & Payments,Money & Insurance,,100,,,
trustpilot,Company / Service,www.monzo.com,www.monzo.com,Finance & Payments,Money & Insurance,,100,,,
trustpilot,Company / Service,www.openrent.co.uk,www.openrent.co.uk,Finance & Payments,Money & Insurance,,100,,,
trustpilot,Company / Service,www.quidco.com,www.quidco.com,Finance & Payments,Money & Insurance,,100,,,
trustpilot,Company / Service,www.saga.co.uk,www.saga.co.uk,Finance & Payments,Money & Insurance,,100,,,
trustpilot,Company / Service,www.santander.co.uk,www.santander.co.uk,Finance & Payments,Money & Insurance,,100,,,
trustpilot,Company / Service,www.spareroom.co.uk,www.spareroom.co.uk,Finance & Payments,Money & Insurance,,100,,,
trustpilot,Company / Service,www.startlinemotorfinance.com,www.startlinemotorfinance.com,Finance & Payments,Money & Insurance,,100,,,
trustpilot,Company / Service,www.tescobank.com,www.tescobank.com,Finance & Payments,Money & Insurance,,100,,,
trustpilot,Company / Service,www.theaa.com,www.theaa.com,Finance & Payments,Money & Insurance,,100,,,
trustpilot,Company / Service,www.unbiased.co.uk,www.unbiased.co.uk,Finance & Payments,Money & Insurance,,100,,,
trustpilot,Company / Service,zopa.com,zopa.com,Finance & Payments,Money & Insurance,,100,,,
trustpilot,Company / Service,acemoneytransfer.com,acemoneytransfer.com,Finance & Payments,Money & Insurance,,99,,,
trustpilot,Company / Service,www.creation.co.uk,www.creation.co.uk,Finance & Payments,Money & Insurance,,99,,,
trustpilot,Company / Service,capital.com,capital.com,Finance & Payments,Money & Insurance,,98,,,
trustpilot,Company / Service,expressestateagency.co.uk,expressestateagency.co.uk,Finance & Payments,Money & Insurance,,98,,,
trustpilot,Company / Service,paystream.co.uk,paystream.co.uk,Finance & Payments,Money & Insurance,,98,,,
trustpilot,Company / Service,ramp.network,ramp.network,Finance & Payments,Money & Insurance,,98,,,
trustpilot,Company / Service,taxscouts.com,taxscouts.com,Finance & Payments,Money & Insurance,,98,,,
trustpilot,Company / Service,www.afroint.com,www.afroint.com,Finance & Payments,Money & Insurance,,98,,,
trustpilot,Company / Service,www.salaryfinance.com,www.salaryfinance.com,Finance & Payments,Money & Insurance,,98,,,
trustpilot,Company / Service,hidendatax.com,hidendatax.com,Finance & Payments,Money & Insurance,,96,,,
trustpilot,Company / Service,tax2u.co.uk,tax2u.co.uk,Finance & Payments,Money & Insurance,,96,,,
trustpilot,Company / Service,www.monese.com,www.monese.com,Finance & Payments,Money & Insurance,,96,,,
trustpilot,Company / Service,workwellsolutions.com,workwellsolutions.com,Finance & Payments,Money & Insurance,,95,,,
trustpilot,Company / Service,hashfactor.net,hashfactor.net,Finance & Payments,Money & Insurance,,92,,,
trustpilot,Company / Service,getabound.com,getabound.com,Finance & Payments,Money & Insurance,,90,,,
trustpilot,Company / Service,taxrefund.co.uk,taxrefund.co.uk,Finance & Payments,Money & Insurance,,89,,,
trustpilot,Company / Service,onelife.co.uk,onelife.co.uk,Finance & Payments,Money & Insurance,,87,,,
trustpilot,Company / Service,home-made.com,home-made.com,Finance & Payments,Money & Insurance,,85,,,
trustpilot,Company / Service,debitam.com,debitam.com,Finance & Payments,Money & Insurance,,80,,,
trustpilot,Company / Service,clearstartaccountants.co.uk,clearstartaccountants.co.uk,Finance & Payments,Money & Insurance,,76,,,
trustpilot,Company / Service,www.moneyadvisor.co.uk,www.moneyadvisor.co.uk,Finance & Payments,Money & Insurance,,72,,,
trustpilot,Company / Service,www.podmanagement.co.uk,www.podmanagement.co.uk,Finance & Payments,Money & Insurance,,72,,,
trustpilot,Company / Service,www.leftovercurrency.com,www.leftovercurrency.com,Finance & Payments,Money & Insurance,,69,,,
trustpilot,Company / Service,www.marshandparsons.co.uk,www.marshandparsons.co.uk,Finance & Payments,Money & Insurance,,69,,,
trustpilot,Company / Service,trustdeedscotland.net,trustdeedscotland.net,Finance & Payments,Money & Insurance,,66,,,
trustpilot,Company / Service,www.chartersestateagents.co.uk,www.chartersestateagents.co.uk,Finance & Payments,Money & Insurance,,62,,,
trustpilot,Company / Service,dnsassociates.co.uk,dnsassociates.co.uk,Finance & Payments,Money & Insurance,,60,,,
trustpilot,Company / Service,ndhfinancial.co.uk,ndhfinancial.co.uk,Finance & Payments,Money & Insurance,,55,,,
trustpilot,Company / Service,mccambridgeduffy.co.uk,mccambridgeduffy.co.uk,Finance & Payments,Money & Insurance,,52,,,
trustpilot,Company / Service,g7fx.com,g7fx.com,Finance & Payments,Money & Insurance,,51,,,
trustpilot,Company / Service,voskcoin.net,voskcoin.net,Finance & Payments,Money & Insurance,,36,,,
trustpilot,Company / Service,homemadehomes.com,homemadehomes.com,Finance & Payments,Money & Insurance,,35,,,
trustpilot,Company / Service,taxdriven.co.uk,taxdriven.co.uk,Finance & Payments,Money & Insurance,,26,,,
trustpilot,Company / Service,eurowinsolutions.com,eurowinsolutions.com,Finance & Payments,Money & Insurance,,24,,,
trustpilot,Company / Service,stbartsfinance.co.uk,stbartsfinance.co.uk,Finance & Payments,Money & Insurance,,23,,,
trustpilot,Company / Service,www.forexgenix.ltd,www.forexgenix.ltd,Finance & Payments,Money & Insurance,,23,,,
trustpilot,Company / Service,workcafe.im,workcafe.im,Finance & Payments,Money & Insurance,,22,,,
trustpilot,Company / Service,fullmetalfinance.com,fullmetalfinance.com,Finance & Payments,Money & Insurance,,21,,,
trustpilot,Company / Service,zedzeroth.com,zedzeroth.com,Finance & Payments,Money & Insurance,,21,,,
trustpilot,Company / Service,invest-limited.com,invest-limited.com,Finance & Payments,Money & Insurance,,4,,,
trustpilot,Company / Service,berwickshellfish.com,berwickshellfish.com,Food & Drink,Restaurants & Bars,,100,,,
trustpilot,Company / Service,daylesford.com,daylesford.com,Food & Drink,"Food, Beverages & Tobacco",,100,,,
trustpilot,Company / Service,funkincocktails.co.uk,funkincocktails.co.uk,Food & Drink,"Food, Beverages & Tobacco",,100,,,
trustpilot,Company / Service,gailsbread.co.uk,gailsbread.co.uk,Food & Drink,"Food, Beverages & Tobacco",,100,,,
trustpilot,Company / Service,gousto.co.uk,gousto.co.uk,Food & Drink,Restaurants & Bars,,100,,,
trustpilot,Company / Service,hellofresh.co.uk,hellofresh.co.uk,Food & Drink,Restaurants & Bars,,100,,,
trustpilot,Company / Service,hungryhorse.co.uk,hungryhorse.co.uk,Food & Drink,Restaurants & Bars,,100,,,
trustpilot,Company / Service,mindfulchef.com,mindfulchef.com,Food & Drink,Restaurants & Bars,,100,,,
trustpilot,Company / Service,nonnatonda.co.uk,nonnatonda.co.uk,Food & Drink,Restaurants & Bars,,100,,,
trustpilot,Company / Service,planthood.co.uk,planthood.co.uk,Food & Drink,Restaurants & Bars,,100,,,
trustpilot,Company / Service,simplycook.com,simplycook.com,Food & Drink,Restaurants & Bars,,100,,,
trustpilot,Company / Service,thecornishfishmonger.co.uk,thecornishfishmonger.co.uk,Food & Drink,Restaurants & Bars,,100,,,
trustpilot,Company / Service,wetherspoons.co.uk,wetherspoons.co.uk,Food & Drink,Restaurants & Bars,,100,,,
trustpilot,Company / Service,www.brewersfayre.co.uk,www.brewersfayre.co.uk,Food & Drink,Restaurants & Bars,,100,,,
trustpilot,Company / Service,www.burgerking.co.uk,www.burgerking.co.uk,Food & Drink,Restaurants & Bars,,100,,,
trustpilot,Company / Service,www.buzzcateringsupplies.com,www.buzzcateringsupplies.com,Food & Drink,Restaurants & Bars,,100,,,
trustpilot,Company / Service,www.chefonline.co.uk,www.chefonline.co.uk,Food & Drink,Restaurants & Bars,,100,,,
trustpilot,Company / Service,www.drinkstuff.com,www.drinkstuff.com,Food & Drink,Restaurants & Bars,,100,,,
trustpilot,Company / Service,www.eversfieldorganic.co.uk,www.eversfieldorganic.co.uk,Food & Drink,Restaurants & Bars,,100,,,
trustpilot,Company / Service,www.harvester.co.uk,www.harvester.co.uk,Food & Drink,Restaurants & Bars,,100,,,
trustpilot,Company / Service,www.nisbets.co.uk,www.nisbets.co.uk,Food & Drink,Restaurants & Bars,,100,,,
trustpilot,Company / Service,www.nutriseed.co.uk,www.nutriseed.co.uk,Food & Drink,Restaurants & Bars,,100,,,
trustpilot,Company / Service,www.oddbox.co.uk,www.oddbox.co.uk,Food & Drink,Restaurants & Bars,,100,,,
trustpilot,Company / Service,www.tobycarvery.co.uk,www.tobycarvery.co.uk,Food & Drink,Restaurants & Bars,,100,,,
trustpilot,Company / Service,feragaia.com,feragaia.com,Food & Drink,"Food, Beverages & Tobacco",,99,,,
trustpilot,Company / Service,piesbypost.com,piesbypost.com,Food & Drink,Restaurants & Bars,,99,,,
trustpilot,Company / Service,thecookaway.com,thecookaway.com,Food & Drink,"Food, Beverages & Tobacco",,99,,,
trustpilot,Company / Service,www.coffeelink.com,www.coffeelink.com,Food & Drink,"Food, Beverages & Tobacco",,99,,,
trustpilot,Company / Service,www.lovetiki.com,www.lovetiki.com,Food & Drink,Restaurants & Bars,,99,,,
trustpilot,Company / Service,parsleybox.com,parsleybox.com,Food & Drink,Restaurants & Bars,,98,,,
trustpilot,Company / Service,vintageinn.co.uk,vintageinn.co.uk,Food & Drink,Restaurants & Bars,,97,,,
trustpilot,Company / Service,wagamama.co.uk,wagamama.co.uk,Food & Drink,Restaurants & Bars,,96,,,
trustpilot,Company / Service,cafenero.co.uk,cafenero.co.uk,Food & Drink,"Food, Beverages & Tobacco",,95,,,
trustpilot,Company / Service,www.yosushi.com,www.yosushi.com,Food & Drink,Restaurants & Bars,,91,,,
trustpilot,Company / Service,biomel.life,biomel.life,Food & Drink,"Food, Beverages & Tobacco",,89,,,
trustpilot,Company / Service,nakedmarshmallow.co.uk,nakedmarshmallow.co.uk,Food & Drink,"Food, Beverages & Tobacco",,87,,,
trustpilot,Company / Service,eatlanka.com,eatlanka.com,Food & Drink,Restaurants & Bars,,85,,,
trustpilot,Company / Service,thebrandedgiftco.com,thebrandedgiftco.com,Food & Drink,"Food, Beverages & Tobacco",,84,,,
trustpilot,Company / Service,www.beer52.com,www.beer52.com,Food & Drink,"Food, Beverages & Tobacco",,84,,,
trustpilot,Company / Service,milliescookies.com,milliescookies.com,Food & Drink,"Food, Beverages & Tobacco",,83,,,
trustpilot,Company / Service,sweetzy.co.uk,sweetzy.co.uk,Food & Drink,"Food, Beverages & Tobacco",,83,,,
trustpilot,Company / Service,www.hansellsyoghurtuk.com,www.hansellsyoghurtuk.com,Food & Drink,Restaurants & Bars,,83,,,
trustpilot,Company / Service,chocolatetradingco.com,chocolatetradingco.com,Food & Drink,"Food, Beverages & Tobacco",,82,,,
trustpilot,Company / Service,www.beersofeurope.co.uk,www.beersofeurope.co.uk,Food & Drink,"Food, Beverages & Tobacco",,81,,,
trustpilot,Company / Service,www.laithwaites.co.uk,www.laithwaites.co.uk,Food & Drink,"Food, Beverages & Tobacco",,81,,,
trustpilot,Company / Service,itsu.com,itsu.com,Food & Drink,Restaurants & Bars,,80,,,
trustpilot,Company / Service,sundaytimeswineclub.co.uk,sundaytimeswineclub.co.uk,Food & Drink,"Food, Beverages & Tobacco",,80,,,
trustpilot,Company / Service,the-brook.co.uk,the-brook.co.uk,Food & Drink,Restaurants & Bars,,80,,,
trustpilot,Company / Service,thecornishcompany.com,thecornishcompany.com,Food & Drink,"Food, Beverages & Tobacco",,80,,,
trustpilot,Company / Service,www.allbarone.co.uk,www.allbarone.co.uk,Food & Drink,Restaurants & Bars,,80,,,
trustpilot,Company / Service,www.milkandmore.co.uk,www.milkandmore.co.uk,Food & Drink,"Food, Beverages & Tobacco",,80,,,
trustpilot,Company / Service,www.thewhiskyexchange.com,www.thewhiskyexchange.com,Food & Drink,"Food, Beverages & Tobacco",,80,,,
trustpilot,Company / Service,chucklingcheese.co.uk,chucklingcheese.co.uk,Food & Drink,"Food, Beverages & Tobacco",,79,,,
trustpilot,Company / Service,ecatering.co.uk,ecatering.co.uk,Food & Drink,Restaurants & Bars,,79,,,
trustpilot,Company / Service,lowpricefoods.com,lowpricefoods.com,Food & Drink,"Food, Beverages & Tobacco",,79,,,
trustpilot,Company / Service,vocationbrewery.com,vocationbrewery.com,Food & Drink,"Food, Beverages & Tobacco",,79,,,
trustpilot,Company / Service,www.dolce-gusto.co.uk,www.dolce-gusto.co.uk,Food & Drink,"Food, Beverages & Tobacco",,79,,,
trustpilot,Company / Service,www.thorntons.co.uk,www.thorntons.co.uk,Food & Drink,"Food, Beverages & Tobacco",,79,,,
trustpilot,Company / Service,youpickwemix.com,youpickwemix.com,Food & Drink,"Food, Beverages & Tobacco",,79,,,
trustpilot,Company / Service,thevillagebutchers.co.uk,thevillagebutchers.co.uk,Food & Drink,"Food, Beverages & Tobacco",,78,,,
trustpilot,Company / Service,www.majestic.co.uk,www.majestic.co.uk,Food & Drink,"Food, Beverages & Tobacco",,78,,,
trustpilot,Company / Service,www.thevanillavalley.co.uk,www.thevanillavalley.co.uk,Food & Drink,"Food, Beverages & Tobacco",,78,,,
trustpilot,Company / Service,www.cookfood.net,www.cookfood.net,Food & Drink,"Food, Beverages & Tobacco",,77,,,
trustpilot,Company / Service,www.mcqueensdairies.co.uk,www.mcqueensdairies.co.uk,Food & Drink,"Food, Beverages & Tobacco",,77,,,
trustpilot,Company / Service,flowerandwhite.co.uk,flowerandwhite.co.uk,Food & Drink,"Food, Beverages & Tobacco",,76,,,
trustpilot,Company / Service,mariellas.co.uk,mariellas.co.uk,Food & Drink,"Food, Beverages & Tobacco",,76,,,
trustpilot,Company / Service,ringtons.co.uk,ringtons.co.uk,Food & Drink,"Food, Beverages & Tobacco",,76,,,
trustpilot,Company / Service,www.drinksupermarket.com,www.drinksupermarket.com,Food & Drink,"Food, Beverages & Tobacco",,76,,,
trustpilot,Company / Service,www.mademoisellemacaron.co.uk,www.mademoisellemacaron.co.uk,Food & Drink,"Food, Beverages & Tobacco",,76,,,
trustpilot,Company / Service,cakebox.com,cakebox.com,Food & Drink,"Food, Beverages & Tobacco",,75,,,
trustpilot,Company / Service,cakesandbakes.co.uk,cakesandbakes.co.uk,Food & Drink,"Food, Beverages & Tobacco",,75,,,
trustpilot,Company / Service,exoticestore.com,exoticestore.com,Food & Drink,"Food, Beverages & Tobacco",,75,,,
trustpilot,Company / Service,leavetheherdbehind.com,leavetheherdbehind.com,Food & Drink,"Food, Beverages & Tobacco",,75,,,
trustpilot,Company / Service,lolascupcakes.co.uk,lolascupcakes.co.uk,Food & Drink,"Food, Beverages & Tobacco",,75,,,
trustpilot,Company / Service,savecobradford.co.uk,savecobradford.co.uk,Food & Drink,"Food, Beverages & Tobacco",,75,,,
trustpilot,Company / Service,www.thechampagnecompany.com,www.thechampagnecompany.com,Food & Drink,"Food, Beverages & Tobacco",,75,,,
trustpilot,Company / Service,thecakedecoratingcompany.co.uk,thecakedecoratingcompany.co.uk,Food & Drink,"Food, Beverages & Tobacco",,74,,,
trustpilot,Company / Service,www.britishcornershop.co.uk,www.britishcornershop.co.uk,Food & Drink,"Food, Beverages & Tobacco",,74,,,
trustpilot,Company / Service,www.flavourly.com,www.flavourly.com,Food & Drink,"Food, Beverages & Tobacco",,74,,,
trustpilot,Company / Service,www.justbeehoney.co.uk,www.justbeehoney.co.uk,Food & Drink,"Food, Beverages & Tobacco",,74,,,
trustpilot,Company / Service,www.masterofmalt.com,www.masterofmalt.com,Food & Drink,"Food, Beverages & Tobacco",,74,,,
trustpilot,Company / Service,www.patisserie-valerie.co.uk,www.patisserie-valerie.co.uk,Food & Drink,"Food, Beverages & Tobacco",,74,,,
trustpilot,Company / Service,www.sizzlingpubs.co.uk,www.sizzlingpubs.co.uk,Food & Drink,Restaurants & Bars,,74,,,
trustpilot,Company / Service,candyscupcakes.co.uk,candyscupcakes.co.uk,Food & Drink,"Food, Beverages & Tobacco",,73,,,
trustpilot,Company / Service,cosyclub.co.uk,cosyclub.co.uk,Food & Drink,Restaurants & Bars,,72,,,
trustpilot,Company / Service,www.bettys.co.uk,www.bettys.co.uk,Food & Drink,"Food, Beverages & Tobacco",,71,,,
trustpilot,Company / Service,www.fortnumandmason.com,www.fortnumandmason.com,Food & Drink,"Food, Beverages & Tobacco",,71,,,
trustpilot,Company / Service,www.winebuyers.com,www.winebuyers.com,Food & Drink,"Food, Beverages & Tobacco",,71,,,
trustpilot,Company / Service,candymail.co.uk,candymail.co.uk,Food & Drink,"Food, Beverages & Tobacco",,70,,,
trustpilot,Company / Service,coffeehit.co.uk,coffeehit.co.uk,Food & Drink,"Food, Beverages & Tobacco",,70,,,
trustpilot,Company / Service,themodernmilkman.co.uk,themodernmilkman.co.uk,Food & Drink,"Food, Beverages & Tobacco",,70,,,
trustpilot,Company / Service,coffeebeanshop.co.uk,coffeebeanshop.co.uk,Food & Drink,"Food, Beverages & Tobacco",,69,,,
trustpilot,Company / Service,ormos.co.uk,ormos.co.uk,Food & Drink,"Food, Beverages & Tobacco",,69,,,
trustpilot,Company / Service,thesnackchest.co.uk,thesnackchest.co.uk,Food & Drink,Restaurants & Bars,,69,,,
trustpilot,Company / Service,jurassiccoastfarmshop.co.uk,jurassiccoastfarmshop.co.uk,Food & Drink,Restaurants & Bars,,67,,,
trustpilot,Company / Service,thefoodmarket.com,thefoodmarket.com,Food & Drink,Restaurants & Bars,,66,,,
trustpilot,Company / Service,artisancoffeeco.com,artisancoffeeco.com,Food & Drink,"Food, Beverages & Tobacco",,65,,,
trustpilot,Company / Service,kamadokings.co.uk,kamadokings.co.uk,Food & Drink,"Food, Beverages & Tobacco",,64,,,
trustpilot,Company / Service,www.tradewindsorientalshop.co.uk,www.tradewindsorientalshop.co.uk,Food & Drink,"Food, Beverages & Tobacco",,64,,,
trustpilot,Company / Service,cateringpacks.co.uk,cateringpacks.co.uk,Food & Drink,Restaurants & Bars,,63,,,
trustpilot,Company / Service,coffeecups.co.uk,coffeecups.co.uk,Food & Drink,Restaurants & Bars,,63,,,
trustpilot,Company / Service,thesushico.co.uk,thesushico.co.uk,Food & Drink,Restaurants & Bars,,63,,,
trustpilot,Company / Service,www.coppaclub.co.uk,www.coppaclub.co.uk,Food & Drink,Restaurants & Bars,,62,,,
trustpilot,Company / Service,www.labelleassiette.co.uk,www.labelleassiette.co.uk,Food & Drink,"Food, Beverages & Tobacco",,59,,,
trustpilot,Company / Service,mexican-mama.com,mexican-mama.com,Food & Drink,"Food, Beverages & Tobacco",,57,,,
trustpilot,Company / Service,revolution-bars.co.uk,revolution-bars.co.uk,Food & Drink,Restaurants & Bars,,57,,,
trustpilot,Company / Service,radbeer.com,radbeer.com,Food & Drink,"Food, Beverages & Tobacco",,55,,,
trustpilot,Company / Service,coconut-merchant.com,coconut-merchant.com,Food & Drink,Restaurants & Bars,,54,,,
trustpilot,Company / Service,jts.co.uk,jts.co.uk,Food & Drink,Restaurants & Bars,,52,,,
trustpilot,Company / Service,thewestonbiltongcompany.co.uk,thewestonbiltongcompany.co.uk,Food & Drink,"Food, Beverages & Tobacco",,51,,,
trustpilot,Company / Service,lovebrunch.co.uk,lovebrunch.co.uk,Food & Drink,Restaurants & Bars,,49,,,
trustpilot,Company / Service,cambridgewine.com,cambridgewine.com,Food & Drink,"Food, Beverages & Tobacco",,47,,,
trustpilot,Company / Service,www.stonegatepubs.com,www.stonegatepubs.com,Food & Drink,Restaurants & Bars,,47,,,
trustpilot,Company / Service,www.welshcheesecompany.co.uk,www.welshcheesecompany.co.uk,Food & Drink,"Food, Beverages & Tobacco",,47,,,
trustpilot,Company / Service,thaifooddirect.co.uk,thaifooddirect.co.uk,Food & Drink,"Food, Beverages & Tobacco",,46,,,
trustpilot,Company / Service,zing-asia.co.uk,zing-asia.co.uk,Food & Drink,"Food, Beverages & Tobacco",,45,,,
trustpilot,Company / Service,chilli-no5.com,chilli-no5.com,Food & Drink,"Food, Beverages & Tobacco",,44,,,
trustpilot,Company / Service,agoragreekdelicacies.co.uk,agoragreekdelicacies.co.uk,Food & Drink,"Food, Beverages & Tobacco",,43,,,
trustpilot,Company / Service,knoops.co.uk,knoops.co.uk,Food & Drink,Restaurants & Bars,,43,,,
trustpilot,Company / Service,keytofood.co.uk,keytofood.co.uk,Food & Drink,Restaurants & Bars,,42,,,
trustpilot,Company / Service,stluciaseamoss.com,stluciaseamoss.com,Food & Drink,"Food, Beverages & Tobacco",,42,,,
trustpilot,Company / Service,thehellenicdeli.com,thehellenicdeli.com,Food & Drink,Restaurants & Bars,,42,,,
trustpilot,Company / Service,shop.tempoteabar.com,shop.tempoteabar.com,Food & Drink,"Food, Beverages & Tobacco",,41,,,
trustpilot,Company / Service,laffinage.co.uk,laffinage.co.uk,Food & Drink,"Food, Beverages & Tobacco",,40,,,
trustpilot,Company / Service,maithaifood.co.uk,maithaifood.co.uk,Food & Drink,Restaurants & Bars,,40,,,
trustpilot,Company / Service,theveenostore.com,theveenostore.com,Food & Drink,Restaurants & Bars,,40,,,
trustpilot,Company / Service,www.logicvending.co.uk,www.logicvending.co.uk,Food & Drink,"Food, Beverages & Tobacco",,39,,,
trustpilot,Company / Service,www.eattokyo.co.uk,www.eattokyo.co.uk,Food & Drink,Restaurants & Bars,,38,,,
trustpilot,Company / Service,www.gainzhealthkitchen.co.uk,www.gainzhealthkitchen.co.uk,Food & Drink,Restaurants & Bars,,38,,,
trustpilot,Company / Service,www.farmhousepizza-wokingham.co.uk,www.farmhousepizza-wokingham.co.uk,Food & Drink,Restaurants & Bars,,36,,,
trustpilot,Company / Service,gauthierhome.co.uk,gauthierhome.co.uk,Food & Drink,Restaurants & Bars,,35,,,
trustpilot,Company / Service,www.philglas-swiggot.com,www.philglas-swiggot.com,Food & Drink,"Food, Beverages & Tobacco",,34,,,
trustpilot,Company / Service,reishiplantkitchen.co.uk,reishiplantkitchen.co.uk,Food & Drink,Restaurants & Bars,,33,,,
trustpilot,Company / Service,bakkali.app,bakkali.app,Food & Drink,"Food, Beverages & Tobacco",,32,,,
trustpilot,Company / Service,anddine.co.uk,anddine.co.uk,Food & Drink,Restaurants & Bars,,31,,,
trustpilot,Company / Service,homeandeat.com,homeandeat.com,Food & Drink,Restaurants & Bars,,31,,,
trustpilot,Company / Service,shop.thealchemist.uk.com,shop.thealchemist.uk.com,Food & Drink,Restaurants & Bars,,31,,,
trustpilot,Company / Service,www.matthewsfoodsonline.co.uk,www.matthewsfoodsonline.co.uk,Food & Drink,"Food, Beverages & Tobacco",,31,,,
trustpilot,Company / Service,americancandyuk.co.uk,americancandyuk.co.uk,Food & Drink,"Food, Beverages & Tobacco",,29,,,
trustpilot,Company / Service,tenstreetswine.co.uk,tenstreetswine.co.uk,Food & Drink,"Food, Beverages & Tobacco",,29,,,
trustpilot,Company / Service,theverygreengrocer.co.uk,theverygreengrocer.co.uk,Food & Drink,"Food, Beverages & Tobacco",,28,,,
trustpilot,Company / Service,www.bgbenton.co.uk,www.bgbenton.co.uk,Food & Drink,Restaurants & Bars,,28,,,
trustpilot,Company / Service,www.purpleplumcatering.co.uk,www.purpleplumcatering.co.uk,Food & Drink,Restaurants & Bars,,28,,,
trustpilot,Company / Service,www.reinosdetaifas.com,www.reinosdetaifas.com,Food & Drink,Restaurants & Bars,,28,,,
trustpilot,Company / Service,littleleeds.co.uk,littleleeds.co.uk,Food & Drink,Restaurants & Bars,,27,,,
trustpilot,Company / Service,pastan.co.uk,pastan.co.uk,Food & Drink,Restaurants & Bars,,27,,,
trustpilot,Company / Service,patblacksonline.co.uk,patblacksonline.co.uk,Food & Drink,Restaurants & Bars,,27,,,
trustpilot,Company / Service,hootingowl.co.uk,hootingowl.co.uk,Food & Drink,"Food, Beverages & Tobacco",,26,,,
trustpilot,Company / Service,samjosephchocolates.co.uk,samjosephchocolates.co.uk,Food & Drink,"Food, Beverages & Tobacco",,26,,,
trustpilot,Company / Service,tasteofindiaeuston.com,tasteofindiaeuston.com,Food & Drink,Restaurants & Bars,,26,,,
trustpilot,Company / Service,tropicalbox.co.uk,tropicalbox.co.uk,Food & Drink,"Food, Beverages & Tobacco",,26,,,
trustpilot,Company / Service,www.chefandbrewer.com,www.chefandbrewer.com,Food & Drink,Restaurants & Bars,,26,,,
trustpilot,Company / Service,www.thecotswoldschef.co.uk,www.thecotswoldschef.co.uk,Food & Drink,Restaurants & Bars,,26,,,
trustpilot,Company / Service,only-hemp.co.uk,only-hemp.co.uk,Food & Drink,Restaurants & Bars,,25,,,
trustpilot,Company / Service,skywavegin.com,skywavegin.com,Food & Drink,"Food, Beverages & Tobacco",,25,,,
trustpilot,Company / Service,www.glossoppicknmix.co.uk,www.glossoppicknmix.co.uk,Food & Drink,"Food, Beverages & Tobacco",,25,,,
trustpilot,Company / Service,minato-sushi.co.uk,minato-sushi.co.uk,Food & Drink,Restaurants & Bars,,24,,,
trustpilot,Company / Service,thecockhotel.com,thecockhotel.com,Food & Drink,Restaurants & Bars,,24,,,
trustpilot,Company / Service,woats.co.uk,woats.co.uk,Food & Drink,"Food, Beverages & Tobacco",,24,,,
trustpilot,Company / Service,www.sussex-biltong.com,www.sussex-biltong.com,Food & Drink,"Food, Beverages & Tobacco",,24,,,
trustpilot,Company / Service,billytong.com,billytong.com,Food & Drink,Restaurants & Bars,,23,,,
trustpilot,Company / Service,bin93.uk,bin93.uk,Food & Drink,Restaurants & Bars,,23,,,
trustpilot,Company / Service,smakolyki.net,smakolyki.net,Food & Drink,Restaurants & Bars,,23,,,
trustpilot,Company / Service,smoke-and-bones.com,smoke-and-bones.com,Food & Drink,Restaurants & Bars,,23,,,
trustpilot,Company / Service,tastyafricanfood.com,tastyafricanfood.com,Food & Drink,Restaurants & Bars,,23,,,
trustpilot,Company / Service,iamkooky.com,iamkooky.com,Food & Drink,"Food, Beverages & Tobacco",,22,,,
trustpilot,Company / Service,yukikazu.co.uk,yukikazu.co.uk,Food & Drink,Restaurants & Bars,,22,,,
trustpilot,Company / Service,fruit4london.co.uk,fruit4london.co.uk,Food & Drink,Restaurants & Bars,,21,,,
trustpilot,Company / Service,lhamosmomo.com,lhamosmomo.com,Food & Drink,Restaurants & Bars,,21,,,
trustpilot,Company / Service,loafcatering.com,loafcatering.com,Food & Drink,Restaurants & Bars,,21,,,
trustpilot,Company / Service,thepantrybasket.co.uk,thepantrybasket.co.uk,Food & Drink,Restaurants & Bars,,21,,,
trustpilot,Company / Service,www.theshineygreek.com,www.theshineygreek.com,Food & Drink,Restaurants & Bars,,21,,,
trustpilot,Company / Service,cocktailsandbars.co.uk,cocktailsandbars.co.uk,Food & Drink,Restaurants & Bars,,20,,,
trustpilot,Company / Service,pearllemoncafe.com,pearllemoncafe.com,Food & Drink,Restaurants & Bars,,20,,,
trustpilot,Company / Service,thechocolatecellar.co.uk,thechocolatecellar.co.uk,Food & Drink,"Food, Beverages & Tobacco",,19,,,
trustpilot,Company / Service,mrchaat.com,mrchaat.com,Food & Drink,Restaurants & Bars,,15,,,
trustpilot,Company / Service,tasteofjapan.shop,tasteofjapan.shop,Food & Drink,"Food, Beverages & Tobacco",,15,,,
trustpilot,Company / Service,themuffinmanfife.com,themuffinmanfife.com,Food & Drink,"Food, Beverages & Tobacco",,15,,,
trustpilot,Company / Service,hall-woodhouse.co.uk,hall-woodhouse.co.uk,Food & Drink,Restaurants & Bars,,13,,,
trustpilot,Company / Service,www.lincolnshirepoacherpub.co.uk,www.lincolnshirepoacherpub.co.uk,Food & Drink,Restaurants & Bars,,11,,,
trustpilot,Company / Service,www.tandoorilounge.com,www.tandoorilounge.com,Food & Drink,Restaurants & Bars,,11,,,
trustpilot,Company / Service,bellelounge.co.uk,bellelounge.co.uk,Food & Drink,Restaurants & Bars,,8,,,
trustpilot,Company / Service,chillzrestaurant.co.uk,chillzrestaurant.co.uk,Food & Drink,Restaurants & Bars,,8,,,
trustpilot,Company / Service,www.albertsschloss.com,www.albertsschloss.com,Food & Drink,Restaurants & Bars,,8,,,
trustpilot,Company / Service,themerges.com,themerges.com,Food & Drink,Restaurants & Bars,,6,,,
trustpilot,Company / Service,www.southafricanshop.uk,www.southafricanshop.uk,Food & Drink,Restaurants & Bars,,6,,,
trustpilot,Company / Service,thecalabashrestaurant.co.uk,thecalabashrestaurant.co.uk,Food & Drink,Restaurants & Bars,,5,,,
trustpilot,Company / Service,vaudville.co.uk,vaudville.co.uk,Food & Drink,"Food, Beverages & Tobacco",,5,,,
trustpilot,Company / Service,afripot.co.uk,afripot.co.uk,Food & Drink,Restaurants & Bars,,4,,,
trustpilot,Company / Service,ilfornobournemouth.com,ilfornobournemouth.com,Food & Drink,Restaurants & Bars,,3,,,
trustpilot,Company / Service,afrikanakitchen.com,afrikanakitchen.com,Food & Drink,Restaurants & Bars,,1,,,
trustpilot,Company / Service,bk90restaurant.com,bk90restaurant.com,Food & Drink,Restaurants & Bars,,1,,,
trustpilot,Company / Service,buckysrestaurant.co.uk,buckysrestaurant.co.uk,Food & Drink,Restaurants & Bars,,1,,,
trustpilot,Company / Service,allbeauty.com,allbeauty.com,Health & Fitness,Beauty & Well-being,,100,,,
trustpilot,Company / Service,ascenti.co.uk,ascenti.co.uk,Health & Fitness,Health & Medical,,100,,,
trustpilot,Company / Service,assuredscreening.com,assuredscreening.com,Health & Fitness,Health & Medical,,100,,,
trustpilot,Company / Service,canterbury.com,canterbury.com,Health & Fitness,Sports,,100,,,
trustpilot,Company / Service,cardsplug.com,cardsplug.com,Health & Fitness,Sports,,100,,,
trustpilot,Company / Service,careco.co.uk,careco.co.uk,Health & Fitness,Health & Medical,,100,,,
trustpilot,Company / Service,cliniccenter.co.uk,cliniccenter.co.uk,Health & Fitness,Health & Medical,,100,,,
trustpilot,Company / Service,conceptoclinic.co.uk,conceptoclinic.co.uk,Health & Fitness,Health & Medical,,100,,,
trustpilot,Company / Service,curaleafclinic.com,curaleafclinic.com,Health & Fitness,Health & Medical,,100,,,
trustpilot,Company / Service,curatehealth.co.uk,curatehealth.co.uk,Health & Fitness,Health & Medical,,100,,,
trustpilot,Company / Service,dam-health.com,dam-health.com,Health & Fitness,Health & Medical,,100,,,
trustpilot,Company / Service,directsoccer.co.uk,directsoccer.co.uk,Health & Fitness,Sports,,100,,,
trustpilot,Company / Service,dochq.co.uk,dochq.co.uk,Health & Fitness,Health & Medical,,100,,,
trustpilot,Company / Service,druids.com,druids.com,Health & Fitness,Sports,,100,,,
trustpilot,Company / Service,dwaligners.co.uk,dwaligners.co.uk,Health & Fitness,Health & Medical,,100,,,
trustpilot,Company / Service,equus.co.uk,equus.co.uk,Health & Fitness,Sports,,100,,,
trustpilot,Company / Service,expresstest.co.uk,expresstest.co.uk,Health & Fitness,Health & Medical,,100,,,
trustpilot,Company / Service,glaize.co,glaize.co,Health & Fitness,Beauty & Well-being,,100,,,
trustpilot,Company / Service,glistencosmetics.com,glistencosmetics.com,Health & Fitness,Beauty & Well-being,,100,,,
trustpilot,Company / Service,golfclubs4cash.co.uk,golfclubs4cash.co.uk,Health & Fitness,Sports,,100,,,
trustpilot,Company / Service,goodbodyclinic.com,goodbodyclinic.com,Health & Fitness,Health & Medical,,100,,,
trustpilot,Company / Service,healthcarepro.co.uk,healthcarepro.co.uk,Health & Fitness,Health & Medical,,100,,,
trustpilot,Company / Service,hertilityhealth.com,hertilityhealth.com,Health & Fitness,Health & Medical,,100,,,
trustpilot,Company / Service,just-keepers.com,just-keepers.com,Health & Fitness,Sports,,100,,,
trustpilot,Company / Service,lyphe.com,lyphe.com,Health & Fitness,Health & Medical,,100,,,
trustpilot,Company / Service,misfits.health,misfits.health,Health & Fitness,Beauty & Well-being,,100,,,
trustpilot,Company / Service,myjuniper.co.uk,myjuniper.co.uk,Health & Fitness,Beauty & Well-being,,100,,,
trustpilot,Company / Service,mysteryfootball.co.uk,mysteryfootball.co.uk,Health & Fitness,Sports,,100,,,
trustpilot,Company / Service,mysteryshirtinabox.com,mysteryshirtinabox.com,Health & Fitness,Sports,,100,,,
trustpilot,Company / Service,nutritiongeeks.co,nutritiongeeks.co,Health & Fitness,Beauty & Well-being,,100,,,
trustpilot,Company / Service,opro.com,opro.com,Health & Fitness,Sports,,100,,,
trustpilot,Company / Service,palmsafe.co.uk,palmsafe.co.uk,Health & Fitness,Health & Medical,,100,,,
trustpilot,Company / Service,pharmadoctor.co.uk,pharmadoctor.co.uk,Health & Fitness,Health & Medical,,100,,,
trustpilot,Company / Service,projectscreen.co.uk,projectscreen.co.uk,Health & Fitness,Health & Medical,,100,,,
trustpilot,Company / Service,qured.com,qured.com,Health & Fitness,Health & Medical,,100,,,
trustpilot,Company / Service,refybeauty.com,refybeauty.com,Health & Fitness,Beauty & Well-being,,100,,,
trustpilot,Company / Service,selectspecs.com,selectspecs.com,Health & Fitness,Health & Medical,,100,,,
trustpilot,Company / Service,shopjoga.com,shopjoga.com,Health & Fitness,Sports,,100,,,
trustpilot,Company / Service,stylevana.com,stylevana.com,Health & Fitness,Beauty & Well-being,,100,,,
trustpilot,Company / Service,synergydental.org.uk,synergydental.org.uk,Health & Fitness,Health & Medical,,100,,,
trustpilot,Company / Service,therapieclinic.com,therapieclinic.com,Health & Fitness,Beauty & Well-being,,100,,,
trustpilot,Company / Service,trysuri.com,trysuri.com,Health & Fitness,Beauty & Well-being,,100,,,
trustpilot,Company / Service,welzo.com,welzo.com,Health & Fitness,Health & Medical,,100,,,
trustpilot,Company / Service,www.absoluterugby.co.uk,www.absoluterugby.co.uk,Health & Fitness,Sports,,100,,,
trustpilot,Company / Service,www.allroundercricket.com,www.allroundercricket.com,Health & Fitness,Sports,,100,,,
trustpilot,Company / Service,www.beautybay.com,www.beautybay.com,Health & Fitness,Beauty & Well-being,,100,,,
trustpilot,Company / Service,www.carchaseheroes.com,www.carchaseheroes.com,Health & Fitness,Sports,,100,,,
trustpilot,Company / Service,www.chemist-4-u.com,www.chemist-4-u.com,Health & Fitness,Health & Medical,,100,,,
trustpilot,Company / Service,www.classicfootballshirts.co.uk,www.classicfootballshirts.co.uk,Health & Fitness,Sports,,100,,,
trustpilot,Company / Service,www.cultbeauty.co.uk,www.cultbeauty.co.uk,Health & Fitness,Beauty & Well-being,,100,,,
trustpilot,Company / Service,www.dukevideo.com,www.dukevideo.com,Health & Fitness,Sports,,100,,,
trustpilot,Company / Service,www.eurofins.com,www.eurofins.com,Health & Fitness,Health & Medical,,100,,,
trustpilot,Company / Service,www.holisticshop.co.uk,www.holisticshop.co.uk,Health & Fitness,Beauty & Well-being,,100,,,
trustpilot,Company / Service,www.hollywoodbowl.co.uk,www.hollywoodbowl.co.uk,Health & Fitness,Sports,,100,,,
trustpilot,Company / Service,www.justgloves.co.uk,www.justgloves.co.uk,Health & Fitness,Health & Medical,,100,,,
trustpilot,Company / Service,www.lookfantastic.com,www.lookfantastic.com,Health & Fitness,Beauty & Well-being,,100,,,
trustpilot,Company / Service,www.lovell-rugby.co.uk,www.lovell-rugby.co.uk,Health & Fitness,Sports,,100,,,
trustpilot,Company / Service,www.lovellsports.com,www.lovellsports.com,Health & Fitness,Sports,,100,,,
trustpilot,Company / Service,www.mysterykits.co.uk,www.mysterykits.co.uk,Health & Fitness,Sports,,100,,,
trustpilot,Company / Service,www.networldsports.co.uk,www.networldsports.co.uk,Health & Fitness,Sports,,100,,,
trustpilot,Company / Service,www.perfume-click.co.uk,www.perfume-click.co.uk,Health & Fitness,Beauty & Well-being,,100,,,
trustpilot,Company / Service,www.physioroom.com,www.physioroom.com,Health & Fitness,Beauty & Well-being,,100,,,
trustpilot,Company / Service,www.pureseoul.co.uk,www.pureseoul.co.uk,Health & Fitness,Beauty & Well-being,,100,,,
trustpilot,Company / Service,www.sja.org.uk,www.sja.org.uk,Health & Fitness,Health & Medical,,100,,,
trustpilot,Company / Service,www.skates.co.uk,www.skates.co.uk,Health & Fitness,Sports,,100,,,
trustpilot,Company / Service,www.snaintongolf.co.uk,www.snaintongolf.co.uk,Health & Fitness,Sports,,100,,,
trustpilot,Company / Service,www.sportpursuit.com,www.sportpursuit.com,Health & Fitness,Beauty & Well-being,,100,,,
trustpilot,Company / Service,www.sportsshoes.com,www.sportsshoes.com,Health & Fitness,Sports,,100,,,
trustpilot,Company / Service,www.stressnomore.co.uk,www.stressnomore.co.uk,Health & Fitness,Beauty & Well-being,,100,,,
trustpilot,Company / Service,www.superdrug.com,www.superdrug.com,Health & Fitness,Beauty & Well-being,,100,,,
trustpilot,Company / Service,www.ukjuicers.com,www.ukjuicers.com,Health & Fitness,Beauty & Well-being,,100,,,
trustpilot,Company / Service,www.wecasa.co.uk,www.wecasa.co.uk,Health & Fitness,Health & Medical,,100,,,
trustpilot,Company / Service,www.windowtothewomb.co.uk,www.windowtothewomb.co.uk,Health & Fitness,Health & Medical,,100,,,
trustpilot,Company / Service,www.yogamatters.com,www.yogamatters.com,Health & Fitness,Beauty & Well-being,,100,,,
trustpilot,Company / Service,www.zipvit.co.uk,www.zipvit.co.uk,Health & Fitness,Beauty & Well-being,,100,,,
trustpilot,Company / Service,cosmetify.com,cosmetify.com,Health & Fitness,Beauty & Well-being,,99,,,
trustpilot,Company / Service,dentalsky.com,dentalsky.com,Health & Fitness,Health & Medical,,99,,,
trustpilot,Company / Service,dirtbikexpress.co.uk,dirtbikexpress.co.uk,Health & Fitness,Sports,,99,,,
trustpilot,Company / Service,mysweetsmile.com,mysweetsmile.com,Health & Fitness,Beauty & Well-being,,99,,,
trustpilot,Company / Service,nikura.com,nikura.com,Health & Fitness,Beauty & Well-being,,99,,,
trustpilot,Company / Service,okbeautybox.co.uk,okbeautybox.co.uk,Health & Fitness,Beauty & Well-being,,99,,,
trustpilot,Company / Service,oncologica.com,oncologica.com,Health & Fitness,Health & Medical,,99,,,
trustpilot,Company / Service,ordolife.com,ordolife.com,Health & Fitness,Health & Medical,,99,,,
trustpilot,Company / Service,revolutionbeauty.com,revolutionbeauty.com,Health & Fitness,Beauty & Well-being,,99,,,
trustpilot,Company / Service,sherwoodsport.co.uk,sherwoodsport.co.uk,Health & Fitness,Sports,,99,,,
trustpilot,Company / Service,www.americangolf.co.uk,www.americangolf.co.uk,Health & Fitness,Sports,,99,,,
trustpilot,Company / Service,www.clubhousegolf.co.uk,www.clubhousegolf.co.uk,Health & Fitness,Sports,,99,,,
trustpilot,Company / Service,www.physique.co.uk,www.physique.co.uk,Health & Fitness,Health & Medical,,99,,,
trustpilot,Company / Service,www.sensitivitycheck.com,www.sensitivitycheck.com,Health & Fitness,Health & Medical,,99,,,
trustpilot,Company / Service,www.surfdome.com,www.surfdome.com,Health & Fitness,Sports,,99,,,
trustpilot,Company / Service,www.wetsuitoutlet.co.uk,www.wetsuitoutlet.co.uk,Health & Fitness,Sports,,99,,,
trustpilot,Company / Service,e-surgery.com,e-surgery.com,Health & Fitness,Health & Medical,,98,,,
trustpilot,Company / Service,firstaid4sport.co.uk,firstaid4sport.co.uk,Health & Fitness,Health & Medical,,98,,,
trustpilot,Company / Service,fitshop.co.uk,fitshop.co.uk,Health & Fitness,Sports,,98,,,
trustpilot,Company / Service,onlinedoctor.lloydspharmacy.com,onlinedoctor.lloydspharmacy.com,Health & Fitness,Health & Medical,,98,,,
trustpilot,Company / Service,premier-education.com,premier-education.com,Health & Fitness,Sports,,98,,,
trustpilot,Company / Service,www.a1sportingmemorabilia.co.uk,www.a1sportingmemorabilia.co.uk,Health & Fitness,Sports,,98,,,
trustpilot,Company / Service,www.chemistclick.co.uk,www.chemistclick.co.uk,Health & Fitness,Health & Medical,,98,,,
trustpilot,Company / Service,www.grenade.com,www.grenade.com,Health & Fitness,Sports,,98,,,
trustpilot,Company / Service,www.pharmanord.co.uk,www.pharmanord.co.uk,Health & Fitness,Beauty & Well-being,,98,,,
trustpilot,Company / Service,www.thesportshq.com,www.thesportshq.com,Health & Fitness,Sports,,98,,,
trustpilot,Company / Service,www.ultrasound-direct.com,www.ultrasound-direct.com,Health & Fitness,Health & Medical,,98,,,
trustpilot,Company / Service,pharmica.co.uk,pharmica.co.uk,Health & Fitness,Health & Medical,,97,,,
trustpilot,Company / Service,www.fragrancedirect.co.uk,www.fragrancedirect.co.uk,Health & Fitness,Beauty & Well-being,,97,,,
trustpilot,Company / Service,www.mitre.com,www.mitre.com,Health & Fitness,Sports,,97,,,
trustpilot,Company / Service,www.total-hockey.com,www.total-hockey.com,Health & Fitness,Sports,,97,,,
trustpilot,Company / Service,zerofit.co.uk,zerofit.co.uk,Health & Fitness,Sports,,97,,,
trustpilot,Company / Service,gendergp.com,gendergp.com,Health & Fitness,Health & Medical,,96,,,
trustpilot,Company / Service,smilewhite.co.uk,smilewhite.co.uk,Health & Fitness,Health & Medical,,96,,,
trustpilot,Company / Service,cbdbrothers.com,cbdbrothers.com,Health & Fitness,Beauty & Well-being,,93,,,
trustpilot,Company / Service,sweetcures.co.uk,sweetcures.co.uk,Health & Fitness,Beauty & Well-being,,93,,,
trustpilot,Company / Service,www.lambertshealthcare.co.uk,www.lambertshealthcare.co.uk,Health & Fitness,Beauty & Well-being,,92,,,
trustpilot,Company / Service,www.tenpin.co.uk,www.tenpin.co.uk,Health & Fitness,Sports,,90,,,
trustpilot,Company / Service,woodworm.tv,woodworm.tv,Health & Fitness,Sports,,88,,,
trustpilot,Company / Service,essentialaids.com,essentialaids.com,Health & Fitness,Health & Medical,,87,,,
trustpilot,Company / Service,cbdasylum.com,cbdasylum.com,Health & Fitness,Beauty & Well-being,,86,,,
trustpilot,Company / Service,megahome-distillers.co.uk,megahome-distillers.co.uk,Health & Fitness,Beauty & Well-being,,86,,,
trustpilot,Company / Service,thefragrancecounter.co.uk,thefragrancecounter.co.uk,Health & Fitness,Beauty & Well-being,,86,,,
trustpilot,Company / Service,www.nevisport.com,www.nevisport.com,Health & Fitness,Sports,,86,,,
trustpilot,Company / Service,barebiology.com,barebiology.com,Health & Fitness,Beauty & Well-being,,85,,,
trustpilot,Company / Service,cycleexchange.co.uk,cycleexchange.co.uk,Health & Fitness,Sports,,84,,,
trustpilot,Company / Service,www.together.dental,www.together.dental,Health & Fitness,Health & Medical,,83,,,
trustpilot,Company / Service,releaf.co.uk,releaf.co.uk,Health & Fitness,Health & Medical,,82,,,
trustpilot,Company / Service,ukfoodintolerance.co.uk,ukfoodintolerance.co.uk,Health & Fitness,Beauty & Well-being,,82,,,
trustpilot,Company / Service,meditainment.com,meditainment.com,Health & Fitness,Health & Medical,,81,,,
trustpilot,Company / Service,naturesupplies.co.uk,naturesupplies.co.uk,Health & Fitness,Beauty & Well-being,,80,,,
trustpilot,Company / Service,thefamilychemist.co.uk,thefamilychemist.co.uk,Health & Fitness,Health & Medical,,79,,,
trustpilot,Company / Service,www.supplementsolutions.co.uk,www.supplementsolutions.co.uk,Health & Fitness,Sports,,79,,,
trustpilot,Company / Service,ultrasoundplus.co.uk,ultrasoundplus.co.uk,Health & Fitness,Health & Medical,,78,,,
trustpilot,Company / Service,lovingfoods.co.uk,lovingfoods.co.uk,Health & Fitness,Beauty & Well-being,,77,,,
trustpilot,Company / Service,securicaremedical.co.uk,securicaremedical.co.uk,Health & Fitness,Health & Medical,,76,,,
trustpilot,Company / Service,www.expressgolf.co.uk,www.expressgolf.co.uk,Health & Fitness,Sports,,76,,,
trustpilot,Company / Service,www.libertygames.co.uk,www.libertygames.co.uk,Health & Fitness,Sports,,76,,,
trustpilot,Company / Service,darthub.co.uk,darthub.co.uk,Health & Fitness,Sports,,73,,,
trustpilot,Company / Service,rebound.fitness,rebound.fitness,Health & Fitness,Sports,,72,,,
trustpilot,Company / Service,ethical-nutrition.com,ethical-nutrition.com,Health & Fitness,Beauty & Well-being,,71,,,
trustpilot,Company / Service,flysoccer.co.uk,flysoccer.co.uk,Health & Fitness,Sports,,71,,,
trustpilot,Company / Service,dentalcentreturkey.com,dentalcentreturkey.com,Health & Fitness,Health & Medical,,69,,,
trustpilot,Company / Service,theoneglove.com,theoneglove.com,Health & Fitness,Sports,,68,,,
trustpilot,Company / Service,auchterloniesofstandrews.com,auchterloniesofstandrews.com,Health & Fitness,Sports,,67,,,
trustpilot,Company / Service,estemedicalgroup.uk,estemedicalgroup.uk,Health & Fitness,Beauty & Well-being,,67,,,
trustpilot,Company / Service,runningimp.co.uk,runningimp.co.uk,Health & Fitness,Sports,,67,,,
trustpilot,Company / Service,genixhealthcare.com,genixhealthcare.com,Health & Fitness,Health & Medical,,66,,,
trustpilot,Company / Service,thearabesque.co,thearabesque.co,Health & Fitness,Beauty & Well-being,,65,,,
trustpilot,Company / Service,www.baseformula.com,www.baseformula.com,Health & Fitness,Beauty & Well-being,,65,,,
trustpilot,Company / Service,cleverbotanics.com,cleverbotanics.com,Health & Fitness,Beauty & Well-being,,64,,,
trustpilot,Company / Service,www.cricket-hockey.com,www.cricket-hockey.com,Health & Fitness,Sports,,64,,,
trustpilot,Company / Service,www.rugby-heaven.co.uk,www.rugby-heaven.co.uk,Health & Fitness,Sports,,64,,,
trustpilot,Company / Service,www.phoenixhsc.co.uk,www.phoenixhsc.co.uk,Health & Fitness,Health & Medical,,63,,,
trustpilot,Company / Service,www.arsenal.com,www.arsenal.com,Health & Fitness,Sports,,62,,,
trustpilot,Company / Service,playwiththebest.com,playwiththebest.com,Health & Fitness,Sports,,61,,,
trustpilot,Company / Service,cursedfragrances.co.uk,cursedfragrances.co.uk,Health & Fitness,Beauty & Well-being,,59,,,
trustpilot,Company / Service,ddgroup.com,ddgroup.com,Health & Fitness,Health & Medical,,59,,,
trustpilot,Company / Service,muicksandy.co.uk,muicksandy.co.uk,Health & Fitness,Health & Medical,,59,,,
trustpilot,Company / Service,www.daviessports.co.uk,www.daviessports.co.uk,Health & Fitness,Sports,,59,,,
trustpilot,Company / Service,www.payntr.com,www.payntr.com,Health & Fitness,Sports,,59,,,
trustpilot,Company / Service,buysoaponline.com,buysoaponline.com,Health & Fitness,Beauty & Well-being,,58,,,
trustpilot,Company / Service,youchooseagift.co.uk,youchooseagift.co.uk,Health & Fitness,Beauty & Well-being,,58,,,
trustpilot,Company / Service,sweetsquared.com,sweetsquared.com,Health & Fitness,Beauty & Well-being,,56,,,
trustpilot,Company / Service,ekotexyoga.co.uk,ekotexyoga.co.uk,Health & Fitness,Sports,,55,,,
trustpilot,Company / Service,friend-of-dorothy.co.uk,friend-of-dorothy.co.uk,Health & Fitness,Beauty & Well-being,,55,,,
trustpilot,Company / Service,vector-air.co.uk,vector-air.co.uk,Health & Fitness,Sports,,55,,,
trustpilot,Company / Service,runnorthwest.co.uk,runnorthwest.co.uk,Health & Fitness,Sports,,54,,,
trustpilot,Company / Service,icepacks4less.co.uk,icepacks4less.co.uk,Health & Fitness,Health & Medical,,53,,,
trustpilot,Company / Service,elitemountainsupplies.co.uk,elitemountainsupplies.co.uk,Health & Fitness,Sports,,52,,,
trustpilot,Company / Service,wanthair.co.uk,wanthair.co.uk,Health & Fitness,Beauty & Well-being,,52,,,
trustpilot,Company / Service,www.premierlakeballs.com,www.premierlakeballs.com,Health & Fitness,Sports,,52,,,
trustpilot,Company / Service,sportstradingcardsuk.com,sportstradingcardsuk.com,Health & Fitness,Sports,,51,,,
trustpilot,Company / Service,www.unisport.dk,www.unisport.dk,Health & Fitness,Sports,,49,,,
trustpilot,Company / Service,gentledentalcaregroup.co.uk,gentledentalcaregroup.co.uk,Health & Fitness,Health & Medical,,48,,,
trustpilot,Company / Service,www.shavingtime.co.uk,www.shavingtime.co.uk,Health & Fitness,Beauty & Well-being,,48,,,
trustpilot,Company / Service,slickboys.co.uk,slickboys.co.uk,Health & Fitness,Beauty & Well-being,,47,,,
trustpilot,Company / Service,www.seescents.com,www.seescents.com,Health & Fitness,Beauty & Well-being,,47,,,
trustpilot,Company / Service,cells4life.com,cells4life.com,Health & Fitness,Health & Medical,,44,,,
trustpilot,Company / Service,thewolfman.co.uk,thewolfman.co.uk,Health & Fitness,Sports,,44,,,
trustpilot,Company / Service,myaccessclinics.co.uk,myaccessclinics.co.uk,Health & Fitness,Health & Medical,,43,,,
trustpilot,Company / Service,dkpcricketonline.com,dkpcricketonline.com,Health & Fitness,Sports,,42,,,
trustpilot,Company / Service,frameworksports.com,frameworksports.com,Health & Fitness,Sports,,42,,,
trustpilot,Company / Service,hotelorganic.co.uk,hotelorganic.co.uk,Health & Fitness,Beauty & Well-being,,42,,,
trustpilot,Company / Service,snip-its.co.uk,snip-its.co.uk,Health & Fitness,Beauty & Well-being,,40,,,
trustpilot,Company / Service,therefstop.co.uk,therefstop.co.uk,Health & Fitness,Sports,,39,,,
trustpilot,Company / Service,agentshave.co.uk,agentshave.co.uk,Health & Fitness,Beauty & Well-being,,38,,,
trustpilot,Company / Service,www.circle-one.com,www.circle-one.com,Health & Fitness,Sports,,38,,,
trustpilot,Company / Service,longevita.co.uk,longevita.co.uk,Health & Fitness,Health & Medical,,36,,,
trustpilot,Company / Service,www.drswclinics.com,www.drswclinics.com,Health & Fitness,Health & Medical,,36,,,
trustpilot,Company / Service,assassingoods.com,assassingoods.com,Health & Fitness,Sports,,34,,,
trustpilot,Company / Service,thisisbeauty.com,thisisbeauty.com,Health & Fitness,Beauty & Well-being,,34,,,
trustpilot,Company / Service,www.neoncricket.co.uk,www.neoncricket.co.uk,Health & Fitness,Sports,,34,,,
trustpilot,Company / Service,earthlylove.co.uk,earthlylove.co.uk,Health & Fitness,Beauty & Well-being,,33,,,
trustpilot,Company / Service,futureprimitivesoap.co.uk,futureprimitivesoap.co.uk,Health & Fitness,Beauty & Well-being,,33,,,
trustpilot,Company / Service,thekarmamama.co.uk,thekarmamama.co.uk,Health & Fitness,Beauty & Well-being,,33,,,
trustpilot,Company / Service,yourmedicals.co.uk,yourmedicals.co.uk,Health & Fitness,Health & Medical,,33,,,
trustpilot,Company / Service,earhealthservice.co.uk,earhealthservice.co.uk,Health & Fitness,Health & Medical,,32,,,
trustpilot,Company / Service,www.exclusivehockey.co.uk,www.exclusivehockey.co.uk,Health & Fitness,Sports,,32,,,
trustpilot,Company / Service,www.thetherapylounge.com,www.thetherapylounge.com,Health & Fitness,Health & Medical,,32,,,
trustpilot,Company / Service,clarityofsight.co.uk,clarityofsight.co.uk,Health & Fitness,Health & Medical,,31,,,
trustpilot,Company / Service,goatsofthegorge.com,goatsofthegorge.com,Health & Fitness,Beauty & Well-being,,31,,,
trustpilot,Company / Service,21d.co.uk,21d.co.uk,Health & Fitness,Health & Medical,,30,,,
trustpilot,Company / Service,academyofsoundhealing.com,academyofsoundhealing.com,Health & Fitness,Beauty & Well-being,,30,,,
trustpilot,Company / Service,spnnails.co.uk,spnnails.co.uk,Health & Fitness,Beauty & Well-being,,30,,,
trustpilot,Company / Service,pet-microchips.co.uk,pet-microchips.co.uk,Health & Fitness,Health & Medical,,29,,,
trustpilot,Company / Service,fixhealth.com,fixhealth.com,Health & Fitness,Health & Medical,,28,,,
trustpilot,Company / Service,ukloupes.co.uk,ukloupes.co.uk,Health & Fitness,Health & Medical,,28,,,
trustpilot,Company / Service,woodstockcricket.co.uk,woodstockcricket.co.uk,Health & Fitness,Sports,,28,,,
trustpilot,Company / Service,www.nowcosmeticsurgery.com,www.nowcosmeticsurgery.com,Health & Fitness,Beauty & Well-being,,28,,,
trustpilot,Company / Service,otterhockey.co.uk,otterhockey.co.uk,Health & Fitness,Sports,,27,,,
trustpilot,Company / Service,www.rtaesthetics.co.uk,www.rtaesthetics.co.uk,Health & Fitness,Health & Medical,,27,,,
trustpilot,Company / Service,iamyogi.co.uk,iamyogi.co.uk,Health & Fitness,Beauty & Well-being,,26,,,
trustpilot,Company / Service,pullumsports.com,pullumsports.com,Health & Fitness,Sports,,26,,,
trustpilot,Company / Service,thesoccerarchive.com,thesoccerarchive.com,Health & Fitness,Sports,,26,,,
trustpilot,Company / Service,www.design4nails.co.uk,www.design4nails.co.uk,Health & Fitness,Beauty & Well-being,,26,,,
trustpilot,Company / Service,skindoc.uk,skindoc.uk,Health & Fitness,Health & Medical,,25,,,
trustpilot,Company / Service,www.healthfirstsoutham.co.uk,www.healthfirstsoutham.co.uk,Health & Fitness,Health & Medical,,25,,,
trustpilot,Company / Service,percihealth.com,percihealth.com,Health & Fitness,Health & Medical,,24,,,
trustpilot,Company / Service,skynbakery.com,skynbakery.com,Health & Fitness,Beauty & Well-being,,24,,,
trustpilot,Company / Service,homepooltablesdirect.co.uk,homepooltablesdirect.co.uk,Health & Fitness,Sports,,23,,,
trustpilot,Company / Service,soakrochford.co.uk,soakrochford.co.uk,Health & Fitness,Beauty & Well-being,,23,,,
trustpilot,Company / Service,ussportsscholarships.com,ussportsscholarships.com,Health & Fitness,Sports,,23,,,
trustpilot,Company / Service,www.combat-fuel.co.uk,www.combat-fuel.co.uk,Health & Fitness,Beauty & Well-being,,23,,,
trustpilot,Company / Service,www.snookerandpooltablecompany.com,www.snookerandpooltablecompany.com,Health & Fitness,Sports,,23,,,
trustpilot,Company / Service,hmcosmetics.co.uk,hmcosmetics.co.uk,Health & Fitness,Beauty & Well-being,,22,,,
trustpilot,Company / Service,shemed.co.uk,shemed.co.uk,Health & Fitness,Health & Medical,,22,,,
trustpilot,Company / Service,www.thebootchamber.com,www.thebootchamber.com,Health & Fitness,Sports,,22,,,
trustpilot,Company / Service,allaboutdanceuk.com,allaboutdanceuk.com,Health & Fitness,Sports,,21,,,
trustpilot,Company / Service,newlands-sports.store,newlands-sports.store,Health & Fitness,Sports,,21,,,
trustpilot,Company / Service,sancylow.com,sancylow.com,Health & Fitness,Health & Medical,,21,,,
trustpilot,Company / Service,sevenhillsphysiotherapy.co.uk,sevenhillsphysiotherapy.co.uk,Health & Fitness,Health & Medical,,21,,,
trustpilot,Company / Service,www.naturecreations.co.uk,www.naturecreations.co.uk,Health & Fitness,Beauty & Well-being,,21,,,
trustpilot,Company / Service,annepenman.com,annepenman.com,Health & Fitness,Health & Medical,,20,,,
trustpilot,Company / Service,cricketpavilion.co.uk,cricketpavilion.co.uk,Health & Fitness,Sports,,20,,,
trustpilot,Company / Service,hockeyjam.co.uk,hockeyjam.co.uk,Health & Fitness,Sports,,20,,,
trustpilot,Company / Service,www.thegkn.net,www.thegkn.net,Health & Fitness,Sports,,20,,,
trustpilot,Company / Service,activeme360.com,activeme360.com,Health & Fitness,Sports,,17,,,
trustpilot,Company / Service,tabletopsports.co.uk,tabletopsports.co.uk,Health & Fitness,Sports,,3,,,
trustpilot,Company / Service,whitestrips-shop.nl,whitestrips-shop.nl,Health & Fitness,Health & Medical,,2,,,
trustpilot,Company / Service,amawaste.co.uk,amawaste.co.uk,Lifestyle & Home,Home Services,,100,,,
trustpilot,Company / Service,best4frames.co.uk,best4frames.co.uk,Lifestyle & Home,Home & Garden,,100,,,
trustpilot,Company / Service,bulb.co.uk,bulb.co.uk,Lifestyle & Home,Utilities,,100,,,
trustpilot,Company / Service,castlewater.co.uk,castlewater.co.uk,Lifestyle & Home,Utilities,,100,,,
trustpilot,Company / Service,eastcoastfencing.com,eastcoastfencing.com,Lifestyle & Home,Home & Garden,,100,,,
trustpilot,Company / Service,emmabridgewater.co.uk,emmabridgewater.co.uk,Lifestyle & Home,Home & Garden,,100,,,
trustpilot,Company / Service,eonnext.com,eonnext.com,Lifestyle & Home,Utilities,,100,,,
trustpilot,Company / Service,fantasticservices.com,fantasticservices.com,Lifestyle & Home,Home Services,,100,,,
trustpilot,Company / Service,firsthomeimprovements.co.uk,firsthomeimprovements.co.uk,Lifestyle & Home,Home Services,,100,,,
trustpilot,Company / Service,frankgreen.com,frankgreen.com,Lifestyle & Home,Home & Garden,,100,,,
trustpilot,Company / Service,gardenbird.co.uk,gardenbird.co.uk,Lifestyle & Home,Animals & Pets,,100,,,
trustpilot,Company / Service,helloservices.co.uk,helloservices.co.uk,Lifestyle & Home,Home Services,,100,,,
trustpilot,Company / Service,helpling.co.uk,helpling.co.uk,Lifestyle & Home,Home Services,,100,,,
trustpilot,Company / Service,housekeep.com,housekeep.com,Lifestyle & Home,Home Services,,100,,,
trustpilot,Company / Service,isupplyenergy.co.uk,isupplyenergy.co.uk,Lifestyle & Home,Utilities,,100,,,
trustpilot,Company / Service,jgpestcontrol.co.uk,jgpestcontrol.co.uk,Lifestyle & Home,Home Services,,100,,,
trustpilot,Company / Service,jollyes.co.uk,jollyes.co.uk,Lifestyle & Home,Animals & Pets,,100,,,
trustpilot,Company / Service,kinex.co.uk,kinex.co.uk,Lifestyle & Home,Utilities,,100,,,
trustpilot,Company / Service,octopus.energy,octopus.energy,Lifestyle & Home,Utilities,,100,,,
trustpilot,Company / Service,plumblondon.com,plumblondon.com,Lifestyle & Home,Utilities,,100,,,
trustpilot,Company / Service,postbuddysystem.com,postbuddysystem.com,Lifestyle & Home,Home & Garden,,100,,,
trustpilot,Company / Service,pozitive.energy,pozitive.energy,Lifestyle & Home,Utilities,,100,,,
trustpilot,Company / Service,rackingsolutions.co.uk,rackingsolutions.co.uk,Lifestyle & Home,Home Services,,100,,,
trustpilot,Company / Service,rebelenergy.com,rebelenergy.com,Lifestyle & Home,Utilities,,100,,,
trustpilot,Company / Service,ruby-group.co.uk,ruby-group.co.uk,Lifestyle & Home,Home & Garden,,100,,,
trustpilot,Company / Service,rubyenergy.uk,rubyenergy.uk,Lifestyle & Home,Utilities,,100,,,
trustpilot,Company / Service,sendmeachristmastree.co.uk,sendmeachristmastree.co.uk,Lifestyle & Home,Home & Garden,,100,,,
trustpilot,Company / Service,showerspares.com,showerspares.com,Lifestyle & Home,Home & Garden,,100,,,
trustpilot,Company / Service,smartestenergy.com,smartestenergy.com,Lifestyle & Home,Utilities,,100,,,
trustpilot,Company / Service,so.energy,so.energy,Lifestyle & Home,Utilities,,100,,,
trustpilot,Company / Service,tapi.co.uk,tapi.co.uk,Lifestyle & Home,Home & Garden,,100,,,
trustpilot,Company / Service,thebasketcompany.com,thebasketcompany.com,Lifestyle & Home,Home & Garden,,100,,,
trustpilot,Company / Service,valdaenergy.com,valdaenergy.com,Lifestyle & Home,Utilities,,100,,,
trustpilot,Company / Service,werchristmas.co.uk,werchristmas.co.uk,Lifestyle & Home,Home & Garden,,100,,,
trustpilot,Company / Service,www.0800repair.com,www.0800repair.com,Lifestyle & Home,Home Services,,100,,,
trustpilot,Company / Service,www.able-group.co.uk,www.able-group.co.uk,Lifestyle & Home,Home Services,,100,,,
trustpilot,Company / Service,www.avantigas.com,www.avantigas.com,Lifestyle & Home,Utilities,,100,,,
trustpilot,Company / Service,www.avsfencing.co.uk,www.avsfencing.co.uk,Lifestyle & Home,Home & Garden,,100,,,
trustpilot,Company / Service,www.balsamhill.co.uk,www.balsamhill.co.uk,Lifestyle & Home,Home & Garden,,100,,,
trustpilot,Company / Service,www.bedeckhome.com,www.bedeckhome.com,Lifestyle & Home,Home & Garden,,100,,,
trustpilot,Company / Service,www.bensgutters.com,www.bensgutters.com,Lifestyle & Home,Home Services,,100,,,
trustpilot,Company / Service,www.bloomandwild.com,www.bloomandwild.com,Lifestyle & Home,Home & Garden,,100,,,
trustpilot,Company / Service,www.calor.co.uk,www.calor.co.uk,Lifestyle & Home,Utilities,,100,,,
trustpilot,Company / Service,www.clearabee.co.uk,www.clearabee.co.uk,Lifestyle & Home,Home Services,,100,,,
trustpilot,Company / Service,www.cooperativeenergy.coop,www.cooperativeenergy.coop,Lifestyle & Home,Utilities,,100,,,
trustpilot,Company / Service,www.cpsfuels.co.uk,www.cpsfuels.co.uk,Lifestyle & Home,Utilities,,100,,,
trustpilot,Company / Service,www.dunelm.com,www.dunelm.com,Lifestyle & Home,Home & Garden,,100,,,
trustpilot,Company / Service,www.dunsterhouse.co.uk,www.dunsterhouse.co.uk,Lifestyle & Home,Home & Garden,,100,,,
trustpilot,Company / Service,www.dyno.com,www.dyno.com,Lifestyle & Home,Home Services,,100,,,
trustpilot,Company / Service,www.ecotricity.co.uk,www.ecotricity.co.uk,Lifestyle & Home,Utilities,,100,,,
trustpilot,Company / Service,www.edfenergy.com,www.edfenergy.com,Lifestyle & Home,Utilities,,100,,,
trustpilot,Company / Service,www.elbecgardenbuildings.co.uk,www.elbecgardenbuildings.co.uk,Lifestyle & Home,Home & Garden,,100,,,
trustpilot,Company / Service,www.firsttunnels.co.uk,www.firsttunnels.co.uk,Lifestyle & Home,Home & Garden,,100,,,
trustpilot,Company / Service,www.flogas.co.uk,www.flogas.co.uk,Lifestyle & Home,Utilities,,100,,,
trustpilot,Company / Service,www.gardensite.co.uk,www.gardensite.co.uk,Lifestyle & Home,Home & Garden,,100,,,
trustpilot,Company / Service,www.go-electrical.co.uk,www.go-electrical.co.uk,Lifestyle & Home,Home & Garden,,100,,,
trustpilot,Company / Service,www.goodenergy.co.uk,www.goodenergy.co.uk,Lifestyle & Home,Utilities,,100,,,
trustpilot,Company / Service,www.homebase.co.uk,www.homebase.co.uk,Lifestyle & Home,Home & Garden,,100,,,
trustpilot,Company / Service,www.jacksons-fencing.co.uk,www.jacksons-fencing.co.uk,Lifestyle & Home,Home & Garden,,100,,,
trustpilot,Company / Service,www.lakeland.co.uk,www.lakeland.co.uk,Lifestyle & Home,Home & Garden,,100,,,
trustpilot,Company / Service,www.mollymaid.co.uk,www.mollymaid.co.uk,Lifestyle & Home,Home Services,,100,,,
trustpilot,Company / Service,www.moneyexpert.com,www.moneyexpert.com,Lifestyle & Home,Utilities,,100,,,
trustpilot,Company / Service,www.oakfurnitureland.co.uk,www.oakfurnitureland.co.uk,Lifestyle & Home,Home & Garden,,100,,,
trustpilot,Company / Service,www.ovoenergy.com,www.ovoenergy.com,Lifestyle & Home,Utilities,,100,,,
trustpilot,Company / Service,www.petsathome.com,www.petsathome.com,Lifestyle & Home,Animals & Pets,,100,,,
trustpilot,Company / Service,www.pimlicoplumbers.com,www.pimlicoplumbers.com,Lifestyle & Home,Home Services,,100,,,
trustpilot,Company / Service,www.plumbnation.co.uk,www.plumbnation.co.uk,Lifestyle & Home,Home Services,,100,,,
trustpilot,Company / Service,www.plumbworld.co.uk,www.plumbworld.co.uk,Lifestyle & Home,Home & Garden,,100,,,
trustpilot,Company / Service,www.primrose.co.uk,www.primrose.co.uk,Lifestyle & Home,Home & Garden,,100,,,
trustpilot,Company / Service,www.procook.co.uk,www.procook.co.uk,Lifestyle & Home,Home & Garden,,100,,,
trustpilot,Company / Service,www.rentokil.co.uk,www.rentokil.co.uk,Lifestyle & Home,Home Services,,100,,,
trustpilot,Company / Service,www.rightio.co.uk,www.rightio.co.uk,Lifestyle & Home,Home Services,,100,,,
trustpilot,Company / Service,www.robertheath.co.uk,www.robertheath.co.uk,Lifestyle & Home,Utilities,,100,,,
trustpilot,Company / Service,www.rugvista.com,www.rugvista.com,Lifestyle & Home,Home & Garden,,100,,,
trustpilot,Company / Service,www.sarahraven.com,www.sarahraven.com,Lifestyle & Home,Home & Garden,,100,,,
trustpilot,Company / Service,www.scottishpower.co.uk,www.scottishpower.co.uk,Lifestyle & Home,Utilities,,100,,,
trustpilot,Company / Service,www.stovefitterswarehouse.co.uk,www.stovefitterswarehouse.co.uk,Lifestyle & Home,Home & Garden,,100,,,
trustpilot,Company / Service,www.stwater.co.uk,www.stwater.co.uk,Lifestyle & Home,Utilities,,100,,,
trustpilot,Company / Service,www.thameswater.co.uk,www.thameswater.co.uk,Lifestyle & Home,Utilities,,100,,,
trustpilot,Company / Service,www.tilemountain.co.uk,www.tilemountain.co.uk,Lifestyle & Home,Home Services,,100,,,
trustpilot,Company / Service,www.tiles-direct.com,www.tiles-direct.com,Lifestyle & Home,Home Services,,100,,,
trustpilot,Company / Service,www.ukchristmasworld.com,www.ukchristmasworld.com,Lifestyle & Home,Home & Garden,,100,,,
trustpilot,Company / Service,www.ukflooringdirect.co.uk,www.ukflooringdirect.co.uk,Lifestyle & Home,Home Services,,100,,,
trustpilot,Company / Service,www.utilita.co.uk,www.utilita.co.uk,Lifestyle & Home,Utilities,,100,,,
trustpilot,Company / Service,www.valuedoors.co.uk,www.valuedoors.co.uk,Lifestyle & Home,Home & Garden,,100,,,
trustpilot,Company / Service,www.victorianplumbing.co.uk,www.victorianplumbing.co.uk,Lifestyle & Home,Home & Garden,,100,,,
trustpilot,Company / Service,www.water-plus.co.uk,www.water-plus.co.uk,Lifestyle & Home,Utilities,,100,,,
trustpilot,Company / Service,www.wessexwater.co.uk,www.wessexwater.co.uk,Lifestyle & Home,Utilities,,100,,,
trustpilot,Company / Service,www.wickes.co.uk,www.wickes.co.uk,Lifestyle & Home,Home & Garden,,100,,,
trustpilot,Company / Service,www.worktop-express.co.uk,www.worktop-express.co.uk,Lifestyle & Home,Home & Garden,,100,,,
trustpilot,Company / Service,www.wrenkitchens.com,www.wrenkitchens.com,Lifestyle & Home,Home & Garden,,100,,,
trustpilot,Company / Service,www.yourrepair.co.uk,www.yourrepair.co.uk,Lifestyle & Home,Home Services,,100,,,
trustpilot,Company / Service,yuenergy.co.uk,yuenergy.co.uk,Lifestyle & Home,Utilities,,100,,,
trustpilot,Company / Service,aidfuels.co.uk,aidfuels.co.uk,Lifestyle & Home,Utilities,,99,,,
trustpilot,Company / Service,buyshedsdirect.co.uk,buyshedsdirect.co.uk,Lifestyle & Home,Home & Garden,,99,,,
trustpilot,Company / Service,clearbusiness.co.uk,clearbusiness.co.uk,Lifestyle & Home,Utilities,,99,,,
trustpilot,Company / Service,collaredcreatures.com,collaredcreatures.com,Lifestyle & Home,Animals & Pets,,99,,,
trustpilot,Company / Service,derbyhousestore.com,derbyhousestore.com,Lifestyle & Home,Animals & Pets,,99,,,
trustpilot,Company / Service,everflowutilities.com,everflowutilities.com,Lifestyle & Home,Utilities,,99,,,
trustpilot,Company / Service,katkin.com,katkin.com,Lifestyle & Home,Animals & Pets,,99,,,
trustpilot,Company / Service,lilyskitchen.co.uk,lilyskitchen.co.uk,Lifestyle & Home,Animals & Pets,,99,,,
trustpilot,Company / Service,maid2clean.co.uk,maid2clean.co.uk,Lifestyle & Home,Home Services,,99,,,
trustpilot,Company / Service,ovensupport.com,ovensupport.com,Lifestyle & Home,Home Services,,99,,,
trustpilot,Company / Service,plants4presents.co.uk,plants4presents.co.uk,Lifestyle & Home,Home & Garden,,99,,,
trustpilot,Company / Service,premierseedsdirect.com,premierseedsdirect.com,Lifestyle & Home,Home & Garden,,99,,,
trustpilot,Company / Service,purepla.net,purepla.net,Lifestyle & Home,Utilities,,99,,,
trustpilot,Company / Service,thepethealthclub.co.uk,thepethealthclub.co.uk,Lifestyle & Home,Animals & Pets,,99,,,
trustpilot,Company / Service,togetherenergy.co.uk,togetherenergy.co.uk,Lifestyle & Home,Utilities,,99,,,
trustpilot,Company / Service,totoenergy.com,totoenergy.com,Lifestyle & Home,Utilities,,99,,,
trustpilot,Company / Service,trustypetsupplies.co.uk,trustypetsupplies.co.uk,Lifestyle & Home,Animals & Pets,,99,,,
trustpilot,Company / Service,wellbeloved.com,wellbeloved.com,Lifestyle & Home,Animals & Pets,,99,,,
trustpilot,Company / Service,wilkinschimneysweep.co.uk,wilkinschimneysweep.co.uk,Lifestyle & Home,Home Services,,99,,,
trustpilot,Company / Service,www.asbestos-sampling.com,www.asbestos-sampling.com,Lifestyle & Home,Home Services,,99,,,
trustpilot,Company / Service,www.business-stream.co.uk,www.business-stream.co.uk,Lifestyle & Home,Utilities,,99,,,
trustpilot,Company / Service,www.certasenergy.co.uk,www.certasenergy.co.uk,Lifestyle & Home,Utilities,,99,,,
trustpilot,Company / Service,www.help2buyscheme.co.uk,www.help2buyscheme.co.uk,Lifestyle & Home,Home Services,,99,,,
trustpilot,Company / Service,www.howdens.com,www.howdens.com,Lifestyle & Home,Home & Garden,,99,,,
trustpilot,Company / Service,www.northernparrots.com,www.northernparrots.com,Lifestyle & Home,Animals & Pets,,99,,,
trustpilot,Company / Service,www.outfoxthemarket.co.uk,www.outfoxthemarket.co.uk,Lifestyle & Home,Utilities,,99,,,
trustpilot,Company / Service,www.plusheat.co.uk,www.plusheat.co.uk,Lifestyle & Home,Home & Garden,,99,,,
trustpilot,Company / Service,www.qettle.com,www.qettle.com,Lifestyle & Home,Home & Garden,,99,,,
trustpilot,Company / Service,www.solartogether.co.uk,www.solartogether.co.uk,Lifestyle & Home,Utilities,,99,,,
trustpilot,Company / Service,www.suttons.co.uk,www.suttons.co.uk,Lifestyle & Home,Home & Garden,,99,,,
trustpilot,Company / Service,www.tonsoftiles.co.uk,www.tonsoftiles.co.uk,Lifestyle & Home,Home Services,,99,,,
trustpilot,Company / Service,www.vetimed.co.uk,www.vetimed.co.uk,Lifestyle & Home,Animals & Pets,,99,,,
trustpilot,Company / Service,ygp.co.uk,ygp.co.uk,Lifestyle & Home,Utilities,,99,,,
trustpilot,Company / Service,yumove.co.uk,yumove.co.uk,Lifestyle & Home,Animals & Pets,,99,,,
trustpilot,Company / Service,funnyfuzzy.co.uk,funnyfuzzy.co.uk,Lifestyle & Home,Animals & Pets,,98,,,
trustpilot,Company / Service,tails.com,tails.com,Lifestyle & Home,Animals & Pets,,98,,,
trustpilot,Company / Service,www.feedem.co.uk,www.feedem.co.uk,Lifestyle & Home,Animals & Pets,,98,,,
trustpilot,Company / Service,www.petprescription.co.uk,www.petprescription.co.uk,Lifestyle & Home,Animals & Pets,,98,,,
trustpilot,Company / Service,www.vets-now.com,www.vets-now.com,Lifestyle & Home,Animals & Pets,,98,,,
trustpilot,Company / Service,www.viovet.co.uk,www.viovet.co.uk,Lifestyle & Home,Animals & Pets,,98,,,
trustpilot,Company / Service,www.wave-utilities.co.uk,www.wave-utilities.co.uk,Lifestyle & Home,Utilities,,98,,,
trustpilot,Company / Service,www.wood-finishes-direct.com,www.wood-finishes-direct.com,Lifestyle & Home,Home & Garden,,98,,,
trustpilot,Company / Service,www.zooplus.co.uk,www.zooplus.co.uk,Lifestyle & Home,Animals & Pets,,98,,,
trustpilot,Company / Service,crumb.pet,crumb.pet,Lifestyle & Home,Animals & Pets,,97,,,
trustpilot,Company / Service,itchpet.com,itchpet.com,Lifestyle & Home,Animals & Pets,,97,,,
trustpilot,Company / Service,protect-mypet.com,protect-mypet.com,Lifestyle & Home,Animals & Pets,,97,,,
trustpilot,Company / Service,smarttrace.org.uk,smarttrace.org.uk,Lifestyle & Home,Animals & Pets,,97,,,
trustpilot,Company / Service,www.exchangeutility.co.uk,www.exchangeutility.co.uk,Lifestyle & Home,Utilities,,97,,,
trustpilot,Company / Service,www.petdrugsonline.co.uk,www.petdrugsonline.co.uk,Lifestyle & Home,Animals & Pets,,97,,,
trustpilot,Company / Service,animeddirect.co.uk,animeddirect.co.uk,Lifestyle & Home,Animals & Pets,,96,,,
trustpilot,Company / Service,brownspetrange.com,brownspetrange.com,Lifestyle & Home,Animals & Pets,,96,,,
trustpilot,Company / Service,differentdog.com,differentdog.com,Lifestyle & Home,Animals & Pets,,96,,,
trustpilot,Company / Service,www.shipit.co.uk,www.shipit.co.uk,Lifestyle & Home,Home Services,,96,,,
trustpilot,Company / Service,www.tenancycleaner.com,www.tenancycleaner.com,Lifestyle & Home,Home Services,,96,,,
trustpilot,Company / Service,www.coralwindows.co.uk,www.coralwindows.co.uk,Lifestyle & Home,Home Services,,95,,,
trustpilot,Company / Service,www.dorwest.com,www.dorwest.com,Lifestyle & Home,Animals & Pets,,95,,,
trustpilot,Company / Service,www.snuggyhoods.com,www.snuggyhoods.com,Lifestyle & Home,Animals & Pets,,95,,,
trustpilot,Company / Service,www.uklogsdirect.co.uk,www.uklogsdirect.co.uk,Lifestyle & Home,Home & Garden,,95,,,
trustpilot,Company / Service,gleam.cleaning,gleam.cleaning,Lifestyle & Home,Home Services,,94,,,
trustpilot,Company / Service,vetbox.com,vetbox.com,Lifestyle & Home,Animals & Pets,,94,,,
trustpilot,Company / Service,www.henchman.co.uk,www.henchman.co.uk,Lifestyle & Home,Home & Garden,,94,,,
trustpilot,Company / Service,pssremovals.com,pssremovals.com,Lifestyle & Home,Home Services,,92,,,
trustpilot,Company / Service,www.carpetvista.com,www.carpetvista.com,Lifestyle & Home,Home & Garden,,92,,,
trustpilot,Company / Service,www.sleeplandbeds.co.uk,www.sleeplandbeds.co.uk,Lifestyle & Home,Home & Garden,,92,,,
trustpilot,Company / Service,joiipetcare.com,joiipetcare.com,Lifestyle & Home,Animals & Pets,,91,,,
trustpilot,Company / Service,www.bambooflooringcompany.com,www.bambooflooringcompany.com,Lifestyle & Home,Home Services,,91,,,
trustpilot,Company / Service,www.cambridgehomeandgarden.com,www.cambridgehomeandgarden.com,Lifestyle & Home,Home & Garden,,91,,,
trustpilot,Company / Service,www.backinaction.co.uk,www.backinaction.co.uk,Lifestyle & Home,Home & Garden,,90,,,
trustpilot,Company / Service,www.marcopaul.co.uk,www.marcopaul.co.uk,Lifestyle & Home,Home & Garden,,90,,,
trustpilot,Company / Service,www.handyexperts.co.uk,www.handyexperts.co.uk,Lifestyle & Home,Home Services,,89,,,
trustpilot,Company / Service,www.unitedutilities.com,www.unitedutilities.com,Lifestyle & Home,Utilities,,89,,,
trustpilot,Company / Service,naturaldoggytreats.com,naturaldoggytreats.com,Lifestyle & Home,Animals & Pets,,87,,,
trustpilot,Company / Service,source4b.co.uk,source4b.co.uk,Lifestyle & Home,Utilities,,87,,,
trustpilot,Company / Service,fenrircanineleaders.com,fenrircanineleaders.com,Lifestyle & Home,Animals & Pets,,86,,,
trustpilot,Company / Service,www.angellpetco.com,www.angellpetco.com,Lifestyle & Home,Animals & Pets,,85,,,
trustpilot,Company / Service,aviform.co.uk,aviform.co.uk,Lifestyle & Home,Animals & Pets,,84,,,
trustpilot,Company / Service,maxenpower.com,maxenpower.com,Lifestyle & Home,Utilities,,84,,,
trustpilot,Company / Service,vetscriptions.co.uk,vetscriptions.co.uk,Lifestyle & Home,Animals & Pets,,84,,,
trustpilot,Company / Service,www.safetysignsupplies.co.uk,www.safetysignsupplies.co.uk,Lifestyle & Home,Home Services,,84,,,
trustpilot,Company / Service,equine-america.co.uk,equine-america.co.uk,Lifestyle & Home,Animals & Pets,,83,,,
trustpilot,Company / Service,floppyear.co.uk,floppyear.co.uk,Lifestyle & Home,Animals & Pets,,83,,,
trustpilot,Company / Service,www.sofasbysaxon.com,www.sofasbysaxon.com,Lifestyle & Home,Home & Garden,,83,,,
trustpilot,Company / Service,yourlocal.com,yourlocal.com,Lifestyle & Home,Home Services,,83,,,
trustpilot,Company / Service,belleek.com,belleek.com,Lifestyle & Home,Home & Garden,,82,,,
trustpilot,Company / Service,cranville-wine-racks.co.uk,cranville-wine-racks.co.uk,Lifestyle & Home,Home Services,,82,,,
trustpilot,Company / Service,darchoil.co.uk,darchoil.co.uk,Lifestyle & Home,Utilities,,81,,,
trustpilot,Company / Service,www.yorkshirewater.com,www.yorkshirewater.com,Lifestyle & Home,Utilities,,81,,,
trustpilot,Company / Service,animal-health.co.uk,animal-health.co.uk,Lifestyle & Home,Animals & Pets,,77,,,
trustpilot,Company / Service,gjassal.com,gjassal.com,Lifestyle & Home,Home Services,,77,,,
trustpilot,Company / Service,mrpottery.co.uk,mrpottery.co.uk,Lifestyle & Home,Home & Garden,,77,,,
trustpilot,Company / Service,thehydrobros.com,thehydrobros.com,Lifestyle & Home,Home & Garden,,77,,,
trustpilot,Company / Service,thecoalshop.co.uk,thecoalshop.co.uk,Lifestyle & Home,Utilities,,74,,,
trustpilot,Company / Service,timeforyou.cleaning,timeforyou.cleaning,Lifestyle & Home,Home Services,,72,,,
trustpilot,Company / Service,easipetcare.com,easipetcare.com,Lifestyle & Home,Animals & Pets,,71,,,
trustpilot,Company / Service,www.leeputilities.co.uk,www.leeputilities.co.uk,Lifestyle & Home,Utilities,,71,,,
trustpilot,Company / Service,tkstairs.com,tkstairs.com,Lifestyle & Home,Home Services,,70,,,
trustpilot,Company / Service,ukcarlocksmith.co.uk,ukcarlocksmith.co.uk,Lifestyle & Home,Home Services,,70,,,
trustpilot,Company / Service,www.bp.com,www.bp.com,Lifestyle & Home,Utilities,,70,,,
trustpilot,Company / Service,www.swiftswitch.co.uk,www.swiftswitch.co.uk,Lifestyle & Home,Utilities,,70,,,
trustpilot,Company / Service,cooperandgracie.co.uk,cooperandgracie.co.uk,Lifestyle & Home,Animals & Pets,,69,,,
trustpilot,Company / Service,carpetbrightuk.com,carpetbrightuk.com,Lifestyle & Home,Home Services,,68,,,
trustpilot,Company / Service,petnap.co.uk,petnap.co.uk,Lifestyle & Home,Animals & Pets,,68,,,
trustpilot,Company / Service,sciencesupplements.co.uk,sciencesupplements.co.uk,Lifestyle & Home,Animals & Pets,,68,,,
trustpilot,Company / Service,tenancy.cleaning,tenancy.cleaning,Lifestyle & Home,Home Services,,68,,,
trustpilot,Company / Service,pluspets.uk,pluspets.uk,Lifestyle & Home,Animals & Pets,,65,,,
trustpilot,Company / Service,fixingsstore.com,fixingsstore.com,Lifestyle & Home,Home & Garden,,63,,,
trustpilot,Company / Service,www.petairuk.com,www.petairuk.com,Lifestyle & Home,Animals & Pets,,61,,,
trustpilot,Company / Service,cleanersoflondon.co.uk,cleanersoflondon.co.uk,Lifestyle & Home,Home Services,,60,,,
trustpilot,Company / Service,fueldump.co.uk,fueldump.co.uk,Lifestyle & Home,Utilities,,60,,,
trustpilot,Company / Service,www.mkvetgroup.co.uk,www.mkvetgroup.co.uk,Lifestyle & Home,Animals & Pets,,60,,,
trustpilot,Company / Service,ruffandtumbledogcoats.com,ruffandtumbledogcoats.com,Lifestyle & Home,Animals & Pets,,59,,,
trustpilot,Company / Service,sseairtricity.com,sseairtricity.com,Lifestyle & Home,Utilities,,59,,,
trustpilot,Company / Service,www.goddardvetgroup.co.uk,www.goddardvetgroup.co.uk,Lifestyle & Home,Animals & Pets,,59,,,
trustpilot,Company / Service,cloud9vets.co.uk,cloud9vets.co.uk,Lifestyle & Home,Animals & Pets,,58,,,
trustpilot,Company / Service,omegaequine.co.uk,omegaequine.co.uk,Lifestyle & Home,Animals & Pets,,58,,,
trustpilot,Company / Service,petprestigeuk.com,petprestigeuk.com,Lifestyle & Home,Animals & Pets,,58,,,
trustpilot,Company / Service,timports.co.uk,timports.co.uk,Lifestyle & Home,Home & Garden,,58,,,
trustpilot,Company / Service,www.ace-canine.com,www.ace-canine.com,Lifestyle & Home,Animals & Pets,,58,,,
trustpilot,Company / Service,www.japaneseknotweed.co.uk,www.japaneseknotweed.co.uk,Lifestyle & Home,Home Services,,58,,,
trustpilot,Company / Service,airpets.com,airpets.com,Lifestyle & Home,Animals & Pets,,57,,,
trustpilot,Company / Service,eyesec.co.uk,eyesec.co.uk,Lifestyle & Home,Home Services,,56,,,
trustpilot,Company / Service,thevaultsgroup.com,thevaultsgroup.com,Lifestyle & Home,Home Services,,56,,,
trustpilot,Company / Service,absolute-dogs.com,absolute-dogs.com,Lifestyle & Home,Animals & Pets,,55,,,
trustpilot,Company / Service,tidalcleaningservices.co.uk,tidalcleaningservices.co.uk,Lifestyle & Home,Home Services,,55,,,
trustpilot,Company / Service,www.moorlandheating.co.uk,www.moorlandheating.co.uk,Lifestyle & Home,Home Services,,55,,,
trustpilot,Company / Service,justclear.com,justclear.com,Lifestyle & Home,Home Services,,54,,,
trustpilot,Company / Service,www.0800handyman.com,www.0800handyman.com,Lifestyle & Home,Home Services,,54,,,
trustpilot,Company / Service,www.willows.uk.net,www.willows.uk.net,Lifestyle & Home,Animals & Pets,,54,,,
trustpilot,Company / Service,martins-nursery.co.uk,martins-nursery.co.uk,Lifestyle & Home,Home & Garden,,52,,,
trustpilot,Company / Service,www.ktheating.co.uk,www.ktheating.co.uk,Lifestyle & Home,Utilities,,52,,,
trustpilot,Company / Service,transfermybills.com,transfermybills.com,Lifestyle & Home,Utilities,,51,,,
trustpilot,Company / Service,villagevet.co.uk,villagevet.co.uk,Lifestyle & Home,Animals & Pets,,51,,,
trustpilot,Company / Service,water2business.co.uk,water2business.co.uk,Lifestyle & Home,Utilities,,49,,,
trustpilot,Company / Service,www.arcticcabins.co.uk,www.arcticcabins.co.uk,Lifestyle & Home,Home & Garden,,48,,,
trustpilot,Company / Service,metserveltd.com,metserveltd.com,Lifestyle & Home,Home Services,,45,,,
trustpilot,Company / Service,ecoblaze.co.uk,ecoblaze.co.uk,Lifestyle & Home,Home & Garden,,44,,,
trustpilot,Company / Service,sdgaragedoors.co.uk,sdgaragedoors.co.uk,Lifestyle & Home,Home & Garden,,44,,,
trustpilot,Company / Service,www.contactsecurityservices.co.uk,www.contactsecurityservices.co.uk,Lifestyle & Home,Home & Garden,,44,,,
trustpilot,Company / Service,trentsidefurniture.co.uk,trentsidefurniture.co.uk,Lifestyle & Home,Home Services,,42,,,
trustpilot,Company / Service,agfraser.co.uk,agfraser.co.uk,Lifestyle & Home,Home & Garden,,41,,,
trustpilot,Company / Service,boyle-energy.co.uk,boyle-energy.co.uk,Lifestyle & Home,Home Services,,41,,,
trustpilot,Company / Service,dlbec.co.uk,dlbec.co.uk,Lifestyle & Home,Home Services,,41,,,
trustpilot,Company / Service,topstak.co.uk,topstak.co.uk,Lifestyle & Home,Home & Garden,,41,,,
trustpilot,Company / Service,tateoil.co.uk,tateoil.co.uk,Lifestyle & Home,Utilities,,40,,,
trustpilot,Company / Service,www.kde-ltd.co.uk,www.kde-ltd.co.uk,Lifestyle & Home,Home Services,,40,,,
trustpilot,Company / Service,www.scarsdalevets.com,www.scarsdalevets.com,Lifestyle & Home,Animals & Pets,,38,,,
trustpilot,Company / Service,fetchitbags.co.uk,fetchitbags.co.uk,Lifestyle & Home,Animals & Pets,,37,,,
trustpilot,Company / Service,www.4wire.co.uk,www.4wire.co.uk,Lifestyle & Home,Animals & Pets,,37,,,
trustpilot,Company / Service,www.thehomeshuttercompany.co.uk,www.thehomeshuttercompany.co.uk,Lifestyle & Home,Home & Garden,,37,,,
trustpilot,Company / Service,applyforgovernmentgrants.co.uk,applyforgovernmentgrants.co.uk,Lifestyle & Home,Home & Garden,,35,,,
trustpilot,Company / Service,beha.vet,beha.vet,Lifestyle & Home,Animals & Pets,,34,,,
trustpilot,Company / Service,cleangeniusltd.com,cleangeniusltd.com,Lifestyle & Home,Home Services,,34,,,
trustpilot,Company / Service,fuseservices.co.uk,fuseservices.co.uk,Lifestyle & Home,Home Services,,33,,,
trustpilot,Company / Service,sergo.co.uk,sergo.co.uk,Lifestyle & Home,Home Services,,33,,,
trustpilot,Company / Service,www.gairgas.co.uk,www.gairgas.co.uk,Lifestyle & Home,Utilities,,33,,,
trustpilot,Company / Service,fuelwise.co.uk,fuelwise.co.uk,Lifestyle & Home,Utilities,,32,,,
trustpilot,Company / Service,www.kingston-preservation.co.uk,www.kingston-preservation.co.uk,Lifestyle & Home,Home Services,,32,,,
trustpilot,Company / Service,www.moorviewvets.co.uk,www.moorviewvets.co.uk,Lifestyle & Home,Animals & Pets,,32,,,
trustpilot,Company / Service,www.motorfuelgroup.com,www.motorfuelgroup.com,Lifestyle & Home,Utilities,,32,,,
trustpilot,Company / Service,alfordelectricalltd.co.uk,alfordelectricalltd.co.uk,Lifestyle & Home,Home Services,,31,,,
trustpilot,Company / Service,crystalevcharging.co.uk,crystalevcharging.co.uk,Lifestyle & Home,Home Services,,31,,,
trustpilot,Company / Service,theimperial-group.com,theimperial-group.com,Lifestyle & Home,Utilities,,31,,,
trustpilot,Company / Service,cifood.co.uk,cifood.co.uk,Lifestyle & Home,Animals & Pets,,29,,,
trustpilot,Company / Service,ev-wales.co.uk,ev-wales.co.uk,Lifestyle & Home,Home Services,,29,,,
trustpilot,Company / Service,harlingelectrical.co.uk,harlingelectrical.co.uk,Lifestyle & Home,Home Services,,29,,,
trustpilot,Company / Service,instantlogs.co.uk,instantlogs.co.uk,Lifestyle & Home,Home & Garden,,28,,,
trustpilot,Company / Service,www.brookhousegas.com,www.brookhousegas.com,Lifestyle & Home,Home & Garden,,28,,,
trustpilot,Company / Service,animaldata.org.uk,animaldata.org.uk,Lifestyle & Home,Animals & Pets,,27,,,
trustpilot,Company / Service,fairweathers.co.uk,fairweathers.co.uk,Lifestyle & Home,Home & Garden,,27,,,
trustpilot,Company / Service,www.jamesandrose.co.uk,www.jamesandrose.co.uk,Lifestyle & Home,Home & Garden,,27,,,
trustpilot,Company / Service,www.london-rewires.co.uk,www.london-rewires.co.uk,Lifestyle & Home,Home Services,,27,,,
trustpilot,Company / Service,yourvets.co.uk,yourvets.co.uk,Lifestyle & Home,Animals & Pets,,27,,,
trustpilot,Company / Service,amaryllisossett.co.uk,amaryllisossett.co.uk,Lifestyle & Home,Home & Garden,,26,,,
trustpilot,Company / Service,ecopetparcel.co.uk,ecopetparcel.co.uk,Lifestyle & Home,Animals & Pets,,26,,,
trustpilot,Company / Service,www.dudiedogbandanas.co.uk,www.dudiedogbandanas.co.uk,Lifestyle & Home,Animals & Pets,,26,,,
trustpilot,Company / Service,cmhcleaning.co.uk,cmhcleaning.co.uk,Lifestyle & Home,Home Services,,25,,,
trustpilot,Company / Service,costelloes.co.uk,costelloes.co.uk,Lifestyle & Home,Home Services,,25,,,
trustpilot,Company / Service,dignipets.co.uk,dignipets.co.uk,Lifestyle & Home,Animals & Pets,,25,,,
trustpilot,Company / Service,finestvan.co.uk,finestvan.co.uk,Lifestyle & Home,Home Services,,25,,,
trustpilot,Company / Service,hrscleaning.co.uk,hrscleaning.co.uk,Lifestyle & Home,Home Services,,25,,,
trustpilot,Company / Service,www.apexvets.com,www.apexvets.com,Lifestyle & Home,Animals & Pets,,25,,,
trustpilot,Company / Service,www.elextric.co.uk,www.elextric.co.uk,Lifestyle & Home,Home Services,,25,,,
trustpilot,Company / Service,www.kineticprojects.co.uk,www.kineticprojects.co.uk,Lifestyle & Home,Home Services,,25,,,
trustpilot,Company / Service,smokelesscoalexpressuk.co.uk,smokelesscoalexpressuk.co.uk,Lifestyle & Home,Utilities,,24,,,
trustpilot,Company / Service,abbeyvetspets.co.uk,abbeyvetspets.co.uk,Lifestyle & Home,Animals & Pets,,23,,,
trustpilot,Company / Service,monsowater.com,monsowater.com,Lifestyle & Home,Utilities,,23,,,
trustpilot,Company / Service,morganfuelcard.com,morganfuelcard.com,Lifestyle & Home,Utilities,,23,,,
trustpilot,Company / Service,petmedics.co.uk,petmedics.co.uk,Lifestyle & Home,Animals & Pets,,23,,,
trustpilot,Company / Service,saveakillshelterdog.org,saveakillshelterdog.org,Lifestyle & Home,Animals & Pets,,23,,,
trustpilot,Company / Service,judge-elec.co.uk,judge-elec.co.uk,Lifestyle & Home,Home Services,,22,,,
trustpilot,Company / Service,101petexpress.com,101petexpress.com,Lifestyle & Home,Animals & Pets,,21,,,
trustpilot,Company / Service,homesafetycert.co.uk,homesafetycert.co.uk,Lifestyle & Home,Home Services,,21,,,
trustpilot,Company / Service,mrworktopfitter.co.uk,mrworktopfitter.co.uk,Lifestyle & Home,Home Services,,21,,,
trustpilot,Company / Service,tfmremovals.com,tfmremovals.com,Lifestyle & Home,Home Services,,21,,,
trustpilot,Company / Service,tranquillitypc.com,tranquillitypc.com,Lifestyle & Home,Animals & Pets,,21,,,
trustpilot,Company / Service,www.gasbottlesdirect.co.uk,www.gasbottlesdirect.co.uk,Lifestyle & Home,Utilities,,21,,,
trustpilot,Company / Service,www.gassmartheating.co.uk,www.gassmartheating.co.uk,Lifestyle & Home,Home & Garden,,21,,,
trustpilot,Company / Service,www.ourdogfoundation.org,www.ourdogfoundation.org,Lifestyle & Home,Animals & Pets,,21,,,
trustpilot,Company / Service,3fatcats.shop,3fatcats.shop,Lifestyle & Home,Animals & Pets,,20,,,
trustpilot,Company / Service,myhandymen.co.uk,myhandymen.co.uk,Lifestyle & Home,Home Services,,20,,,
trustpilot,Company / Service,nelscarpetcleaning.co.uk,nelscarpetcleaning.co.uk,Lifestyle & Home,Home Services,,20,,,
trustpilot,Company / Service,paws-at-peace.com,paws-at-peace.com,Lifestyle & Home,Animals & Pets,,20,,,
trustpilot,Company / Service,prismaboilergrants.co.uk,prismaboilergrants.co.uk,Lifestyle & Home,Home & Garden,,20,,,
trustpilot,Company / Service,thedogfirstaid.co,thedogfirstaid.co,Lifestyle & Home,Animals & Pets,,20,,,
trustpilot,Company / Service,themarkettownvet.co.uk,themarkettownvet.co.uk,Lifestyle & Home,Animals & Pets,,20,,,
trustpilot,Company / Service,weathersealwindowsltd.co.uk,weathersealwindowsltd.co.uk,Lifestyle & Home,Home Services,,20,,,
trustpilot,Company / Service,www.travellingpet.vet,www.travellingpet.vet,Lifestyle & Home,Animals & Pets,,20,,,
trustpilot,Company / Service,www.bathvetgroup.co.uk,www.bathvetgroup.co.uk,Lifestyle & Home,Animals & Pets,,19,,,
trustpilot,Company / Service,clothocleaning.co.uk,clothocleaning.co.uk,Lifestyle & Home,Home Services,,15,,,
trustpilot,Company / Service,www.extragas.co.uk,www.extragas.co.uk,Lifestyle & Home,Utilities,,15,,,
trustpilot,Company / Service,cleaner-than-ever-norbury.square.site,cleaner-than-ever-norbury.square.site,Lifestyle & Home,Home Services,,9,,,
trustpilot,Company / Service,crystalcarpetcleaners.co.uk,crystalcarpetcleaners.co.uk,Lifestyle & Home,Home Services,,9,,,
trustpilot,Company / Service,justexoticsevents.co.uk,justexoticsevents.co.uk,Lifestyle & Home,Animals & Pets,,8,,,
trustpilot,Company / Service,skywash.co.uk,skywash.co.uk,Lifestyle & Home,Home Services,,2,,,
trustpilot,Company / Service,www.avcvets.co.uk,www.avcvets.co.uk,Lifestyle & Home,Animals & Pets,,2,,,
trustpilot,Company / Service,zaonmart.co.uk,zaonmart.co.uk,Lifestyle & Home,Home & Garden,,2,,,
trustpilot,Company / Service,stubbingsnursery.co.uk,stubbingsnursery.co.uk,Lifestyle & Home,Home & Garden,,1,,,
trustpilot,Company / Service,anyjunk.co.uk,anyjunk.co.uk,Other,Public & Local Services,,100,,,
trustpilot,Company / Service,arbolus.com,arbolus.com,Other,Public & Local Services,,100,,,
trustpilot,Company / Service,biffa.co.uk,biffa.co.uk,Other,Public & Local Services,,100,,,
trustpilot,Company / Service,hippowaste.co.uk,hippowaste.co.uk,Other,Public & Local Services,,100,,,
trustpilot,Company / Service,hsstraining.com,hsstraining.com,Other,Public & Local Services,,100,,,
trustpilot,Company / Service,litta.co,litta.co,Other,Public & Local Services,,100,,,
trustpilot,Company / Service,livingdna.com,livingdna.com,Other,Public & Local Services,,100,,,
trustpilot,Company / Service,orbitcustomerhub.org.uk,orbitcustomerhub.org.uk,Other,Public & Local Services,,100,,,
trustpilot,Company / Service,placesforpeople.co.uk,placesforpeople.co.uk,Other,Public & Local Services,,100,,,
trustpilot,Company / Service,topcv.com,topcv.com,Other,Public & Local Services,,100,,,
trustpilot,Company / Service,www.ancestry.co.uk,www.ancestry.co.uk,Other,Public & Local Services,,100,,,
trustpilot,Company / Service,www.anchor.org.uk,www.anchor.org.uk,Other,Public & Local Services,,100,,,
trustpilot,Company / Service,www.leedsbuildingsociety.co.uk,www.leedsbuildingsociety.co.uk,Other,Public & Local Services,,100,,,
trustpilot,Company / Service,www.myclarionhousing.com,www.myclarionhousing.com,Other,Public & Local Services,,100,,,
trustpilot,Company / Service,www.ooni.com,www.ooni.com,Other,Public & Local Services,,100,,,
trustpilot,Company / Service,www.purecremation.co.uk,www.purecremation.co.uk,Other,Public & Local Services,,100,,,
trustpilot,Company / Service,www.ybs.co.uk,www.ybs.co.uk,Other,Public & Local Services,,100,,,
trustpilot,Company / Service,homegroup.org.uk,homegroup.org.uk,Other,Public & Local Services,,99,,,
trustpilot,Company / Service,soresi.co.uk,soresi.co.uk,Other,Public & Local Services,,99,,,
trustpilot,Company / Service,www.riverside.org.uk,www.riverside.org.uk,Other,Public & Local Services,,99,,,
trustpilot,Company / Service,www.prosperous-life.co.uk,www.prosperous-life.co.uk,Other,Public & Local Services,,98,,,
trustpilot,Company / Service,suez.co.uk,suez.co.uk,Other,Public & Local Services,,97,,,
trustpilot,Company / Service,heartofenglandcoopfunerals.co.uk,heartofenglandcoopfunerals.co.uk,Other,Public & Local Services,,96,,,
trustpilot,Company / Service,www.childcare.co.uk,www.childcare.co.uk,Other,Public & Local Services,,95,,,
trustpilot,Company / Service,avalonfuneralplans.com,avalonfuneralplans.com,Other,Public & Local Services,,94,,,
trustpilot,Company / Service,thenottingham.com,thenottingham.com,Other,Public & Local Services,,93,,,
trustpilot,Company / Service,alphasights.com,alphasights.com,Other,Public & Local Services,,91,,,
trustpilot,Company / Service,www.midlandheart.org.uk,www.midlandheart.org.uk,Other,Public & Local Services,,91,,,
trustpilot,Company / Service,audleyvillages.co.uk,audleyvillages.co.uk,Other,Public & Local Services,,84,,,
trustpilot,Company / Service,www.korukids.co.uk,www.korukids.co.uk,Other,Public & Local Services,,84,,,
trustpilot,Company / Service,www.estiatuition.com,www.estiatuition.com,Other,Public & Local Services,,82,,,
trustpilot,Company / Service,circlewaste.co.uk,circlewaste.co.uk,Other,Public & Local Services,,81,,,
trustpilot,Company / Service,www.housing21.org.uk,www.housing21.org.uk,Other,Public & Local Services,,81,,,
trustpilot,Company / Service,low-cost-funeral.co.uk,low-cost-funeral.co.uk,Other,Public & Local Services,,80,,,
trustpilot,Company / Service,relativeconnections.co.uk,relativeconnections.co.uk,Other,Public & Local Services,,80,,,
trustpilot,Company / Service,www.constructionhelpline.com,www.constructionhelpline.com,Other,Public & Local Services,,80,,,
trustpilot,Company / Service,www.hyde-housing.co.uk,www.hyde-housing.co.uk,Other,Public & Local Services,,80,,,
trustpilot,Company / Service,assetsforlife.co.uk,assetsforlife.co.uk,Other,Public & Local Services,,79,,,
trustpilot,Company / Service,mtvh.co.uk,mtvh.co.uk,Other,Public & Local Services,,76,,,
trustpilot,Company / Service,nhgsales.com,nhgsales.com,Other,Public & Local Services,,73,,,
trustpilot,Company / Service,otta.com,otta.com,Other,Public & Local Services,,71,,,
trustpilot,Company / Service,greatplaces.org.uk,greatplaces.org.uk,Other,Public & Local Services,,70,,,
trustpilot,Company / Service,abri.co.uk,abri.co.uk,Other,Public & Local Services,,65,,,
trustpilot,Company / Service,lodgebros.co.uk,lodgebros.co.uk,Other,Public & Local Services,,64,,,
trustpilot,Company / Service,nationalcompliancetraining.co.uk,nationalcompliancetraining.co.uk,Other,Public & Local Services,,64,,,
trustpilot,Company / Service,co-ownership.org,co-ownership.org,Other,Public & Local Services,,63,,,
trustpilot,Company / Service,ntponlinelearning.co.uk,ntponlinelearning.co.uk,Other,Public & Local Services,,60,,,
trustpilot,Company / Service,geopace.com,geopace.com,Other,Public & Local Services,,57,,,
trustpilot,Company / Service,fostersfuneraldirectors.com,fostersfuneraldirectors.com,Other,Public & Local Services,,56,,,
trustpilot,Company / Service,www.fraserandfraser.co.uk,www.fraserandfraser.co.uk,Other,Public & Local Services,,56,,,
trustpilot,Company / Service,ableskills.co.uk,ableskills.co.uk,Other,Public & Local Services,,52,,,
trustpilot,Company / Service,www.mhbs.co.uk,www.mhbs.co.uk,Other,Public & Local Services,,51,,,
trustpilot,Company / Service,iamroadsmart.com,iamroadsmart.com,Other,Public & Local Services,,50,,,
trustpilot,Company / Service,www.goeco.org,www.goeco.org,Other,Public & Local Services,,50,,,
trustpilot,Company / Service,hetas.co.uk,hetas.co.uk,Other,Public & Local Services,,48,,,
trustpilot,Company / Service,www.trustedcare.co.uk,www.trustedcare.co.uk,Other,Public & Local Services,,45,,,
trustpilot,Company / Service,lottie.org,lottie.org,Other,Public & Local Services,,43,,,
trustpilot,Company / Service,intelligensa.co.uk,intelligensa.co.uk,Other,Public & Local Services,,42,,,
trustpilot,Company / Service,www.smartdriving.co.uk,www.smartdriving.co.uk,Other,Public & Local Services,,42,,,
trustpilot,Company / Service,affordablewastemanagement.co.uk,affordablewastemanagement.co.uk,Other,Public & Local Services,,40,,,
trustpilot,Company / Service,mayfieldvillages.co.uk,mayfieldvillages.co.uk,Other,Public & Local Services,,40,,,
trustpilot,Company / Service,uktrace.co.uk,uktrace.co.uk,Other,Public & Local Services,,36,,,
trustpilot,Company / Service,tinies.com,tinies.com,Other,Public & Local Services,,34,,,
trustpilot,Company / Service,fchousing.co.uk,fchousing.co.uk,Other,Public & Local Services,,24,,,
trustpilot,Company / Service,hbpconsultancy.co.uk,hbpconsultancy.co.uk,Other,Public & Local Services,,23,,,
trustpilot,Company / Service,modern60.com,modern60.com,Other,Public & Local Services,,23,,,
trustpilot,Company / Service,agencystart.online,agencystart.online,Other,Public & Local Services,,22,,,
trustpilot,Company / Service,sunnydays.co.uk,sunnydays.co.uk,Other,Public & Local Services,,22,,,
trustpilot,Company / Service,my-medx.com,my-medx.com,Other,Public & Local Services,,21,,,
trustpilot,Company / Service,rosebudnannyagency.co.uk,rosebudnannyagency.co.uk,Other,Public & Local Services,,21,,,
trustpilot,Company / Service,www.moreofyourmemories.com,www.moreofyourmemories.com,Other,Public & Local Services,,21,,,
trustpilot,Company / Service,brendathenanny.co.uk,brendathenanny.co.uk,Other,Public & Local Services,,20,,,
trustpilot,Company / Service,hotelnanny.com,hotelnanny.com,Other,Public & Local Services,,20,,,
trustpilot,Company / Service,nonprofitgrowth.co.uk,nonprofitgrowth.co.uk,Other,Public & Local Services,,20,,,
trustpilot,Company / Service,rubbishclearanceherts.co.uk,rubbishclearanceherts.co.uk,Other,Public & Local Services,,20,,,
trustpilot,Company / Service,spana.org,spana.org,Other,Public & Local Services,,10,,,
trustpilot,Company / Service,bcivic.co.uk,bcivic.co.uk,Other,Public & Local Services,,8,,,
trustpilot,Company / Service,sgmwastemanagement.co.uk,sgmwastemanagement.co.uk,Other,Public & Local Services,,8,,,
trustpilot,Company / Service,hybridfinanceinternational.com,hybridfinanceinternational.com,Other,Public & Local Services,,4,,,
trustpilot,Company / Service,greenzoneuk.com,greenzoneuk.com,Other,Public & Local Services,,3,,,
trustpilot,Company / Service,360.optimalegal.co.uk,360.optimalegal.co.uk,Productivity & Business,Legal Services & Government,,100,,,
trustpilot,Company / Service,anchorpumps.com,anchorpumps.com,Productivity & Business,Construction & Manufacturing,,100,,,
trustpilot,Company / Service,ariston.com,ariston.com,Productivity & Business,Construction & Manufacturing,,100,,,
trustpilot,Company / Service,axminstertools.com,axminstertools.com,Productivity & Business,Construction & Manufacturing,,100,,,
trustpilot,Company / Service,cef.co.uk,cef.co.uk,Productivity & Business,Business Services,,100,,,
trustpilot,Company / Service,cloudy2clearwindows.co.uk,cloudy2clearwindows.co.uk,Productivity & Business,Construction & Manufacturing,,100,,,
trustpilot,Company / Service,craigmoreonline.co.uk,craigmoreonline.co.uk,Productivity & Business,Construction & Manufacturing,,100,,,
trustpilot,Company / Service,crunch.co.uk,crunch.co.uk,Productivity & Business,Business Services,,100,,,
trustpilot,Company / Service,denbypottery.com,denbypottery.com,Productivity & Business,Construction & Manufacturing,,100,,,
trustpilot,Company / Service,dvspowertools.co.uk,dvspowertools.co.uk,Productivity & Business,Construction & Manufacturing,,100,,,
trustpilot,Company / Service,eposnow.com,eposnow.com,Productivity & Business,Business Services,,100,,,
trustpilot,Company / Service,eurocell.co.uk,eurocell.co.uk,Productivity & Business,Construction & Manufacturing,,100,,,
trustpilot,Company / Service,fastfix.co.uk,fastfix.co.uk,Productivity & Business,Construction & Manufacturing,,100,,,
trustpilot,Company / Service,fastlec.co.uk,fastlec.co.uk,Productivity & Business,Business Services,,100,,,
trustpilot,Company / Service,harveywatersofteners.co.uk,harveywatersofteners.co.uk,Productivity & Business,Construction & Manufacturing,,100,,,
trustpilot,Company / Service,honeylegal.co.uk,honeylegal.co.uk,Productivity & Business,Legal Services & Government,,100,,,
trustpilot,Company / Service,iasservices.org.uk,iasservices.org.uk,Productivity & Business,Legal Services & Government,,100,,,
trustpilot,Company / Service,instantprint.co.uk,instantprint.co.uk,Productivity & Business,Business Services,,100,,,
trustpilot,Company / Service,kane.co.uk,kane.co.uk,Productivity & Business,Construction & Manufacturing,,100,,,
trustpilot,Company / Service,mdfdirect.co.uk,mdfdirect.co.uk,Productivity & Business,Construction & Manufacturing,,100,,,
trustpilot,Company / Service,moonpig.com,moonpig.com,Productivity & Business,Business Services,,100,,,
trustpilot,Company / Service,myhomemoveconveyancing.co.uk,myhomemoveconveyancing.co.uk,Productivity & Business,Legal Services & Government,,100,,,
trustpilot,Company / Service,onpsolicitors.co.uk,onpsolicitors.co.uk,Productivity & Business,Legal Services & Government,,100,,,
trustpilot,Company / Service,pcslegal.co.uk,pcslegal.co.uk,Productivity & Business,Legal Services & Government,,100,,,
trustpilot,Company / Service,rapidformations.co.uk,rapidformations.co.uk,Productivity & Business,Business Services,,100,,,
trustpilot,Company / Service,rutlands.com,rutlands.com,Productivity & Business,Construction & Manufacturing,,100,,,
trustpilot,Company / Service,simplerlaw.co.uk,simplerlaw.co.uk,Productivity & Business,Legal Services & Government,,100,,,
trustpilot,Company / Service,skrill.com,skrill.com,Productivity & Business,Business Services,,100,,,
trustpilot,Company / Service,slatergordon.co.uk,slatergordon.co.uk,Productivity & Business,Legal Services & Government,,100,,,
trustpilot,Company / Service,somethingdifferentwholesale.co.uk,somethingdifferentwholesale.co.uk,Productivity & Business,Business Services,,100,,,
trustpilot,Company / Service,sovereignplanning.co.uk,sovereignplanning.co.uk,Productivity & Business,Legal Services & Government,,100,,,
trustpilot,Company / Service,thepartnershiplimited.com,thepartnershiplimited.com,Productivity & Business,Legal Services & Government,,100,,,
trustpilot,Company / Service,uk.ryobitools.eu,uk.ryobitools.eu,Productivity & Business,Construction & Manufacturing,,100,,,
trustpilot,Company / Service,ukbuildsupplies.com,ukbuildsupplies.com,Productivity & Business,Construction & Manufacturing,,100,,,
trustpilot,Company / Service,ukfuels.co.uk,ukfuels.co.uk,Productivity & Business,Business Services,,100,,,
trustpilot,Company / Service,www.allstarcard.co.uk,www.allstarcard.co.uk,Productivity & Business,Business Services,,100,,,
trustpilot,Company / Service,www.avanthomes.co.uk,www.avanthomes.co.uk,Productivity & Business,Construction & Manufacturing,,100,,,
trustpilot,Company / Service,www.cartridgesave.co.uk,www.cartridgesave.co.uk,Productivity & Business,Business Services,,100,,,
trustpilot,Company / Service,www.clearpay.co.uk,www.clearpay.co.uk,Productivity & Business,Business Services,,100,,,
trustpilot,Company / Service,www.conveylaw.com,www.conveylaw.com,Productivity & Business,Legal Services & Government,,100,,,
trustpilot,Company / Service,www.cromwell.co.uk,www.cromwell.co.uk,Productivity & Business,Construction & Manufacturing,,100,,,
trustpilot,Company / Service,www.dclaw.co.uk,www.dclaw.co.uk,Productivity & Business,Legal Services & Government,,100,,,
trustpilot,Company / Service,www.dortechdirect.co.uk,www.dortechdirect.co.uk,Productivity & Business,Construction & Manufacturing,,100,,,
trustpilot,Company / Service,www.enact.co.uk,www.enact.co.uk,Productivity & Business,Legal Services & Government,,100,,,
trustpilot,Company / Service,www.energizedcustoms.co.uk,www.energizedcustoms.co.uk,Productivity & Business,Business Services,,100,,,
trustpilot,Company / Service,www.expresssolicitors.co.uk,www.expresssolicitors.co.uk,Productivity & Business,Legal Services & Government,,100,,,
trustpilot,Company / Service,www.ffx.co.uk,www.ffx.co.uk,Productivity & Business,Construction & Manufacturing,,100,,,
trustpilot,Company / Service,www.goffpetroleum.co.uk,www.goffpetroleum.co.uk,Productivity & Business,Construction & Manufacturing,,100,,,
trustpilot,Company / Service,www.irwinmitchell.com,www.irwinmitchell.com,Productivity & Business,Legal Services & Government,,100,,,
trustpilot,Company / Service,www.legacywills.co.uk,www.legacywills.co.uk,Productivity & Business,Legal Services & Government,,100,,,
trustpilot,Company / Service,www.littlegreene.com,www.littlegreene.com,Productivity & Business,Construction & Manufacturing,,100,,,
trustpilot,Company / Service,www.minsterlaw.co.uk,www.minsterlaw.co.uk,Productivity & Business,Legal Services & Government,,100,,,
trustpilot,Company / Service,www.ordnancesurvey.co.uk,www.ordnancesurvey.co.uk,Productivity & Business,Business Services,,100,,,
trustpilot,Company / Service,www.powertoolmate.co.uk,www.powertoolmate.co.uk,Productivity & Business,Construction & Manufacturing,,100,,,
trustpilot,Company / Service,www.solopress.com,www.solopress.com,Productivity & Business,Business Services,,100,,,
trustpilot,Company / Service,www.stinkyinkshop.co.uk,www.stinkyinkshop.co.uk,Productivity & Business,Business Services,,100,,,
trustpilot,Company / Service,www.takepayments.com,www.takepayments.com,Productivity & Business,Business Services,,100,,,
trustpilot,Company / Service,www.thortful.com,www.thortful.com,Productivity & Business,Business Services,,100,,,
trustpilot,Company / Service,www.toolden.co.uk,www.toolden.co.uk,Productivity & Business,Construction & Manufacturing,,100,,,
trustpilot,Company / Service,www.totaljobs.com,www.totaljobs.com,Productivity & Business,Business Services,,100,,,
trustpilot,Company / Service,www.ucheck.co.uk,www.ucheck.co.uk,Productivity & Business,Legal Services & Government,,100,,,
trustpilot,Company / Service,www.ukplanettools.co.uk,www.ukplanettools.co.uk,Productivity & Business,Construction & Manufacturing,,100,,,
trustpilot,Company / Service,www.valuedopinions.co.uk,www.valuedopinions.co.uk,Productivity & Business,Business Services,,100,,,
trustpilot,Company / Service,www.xero.com,www.xero.com,Productivity & Business,Business Services,,100,,,
trustpilot,Company / Service,ylive-community.com,ylive-community.com,Productivity & Business,Business Services,,100,,,
trustpilot,Company / Service,yougov.com,yougov.com,Productivity & Business,Business Services,,100,,,
trustpilot,Company / Service,zerowater.co.uk,zerowater.co.uk,Productivity & Business,Construction & Manufacturing,,100,,,
trustpilot,Company / Service,bradfords.co.uk,bradfords.co.uk,Productivity & Business,Construction & Manufacturing,,99,,,
trustpilot,Company / Service,drainagesuperstore.co.uk,drainagesuperstore.co.uk,Productivity & Business,Construction & Manufacturing,,99,,,
trustpilot,Company / Service,euautomation.com,euautomation.com,Productivity & Business,Construction & Manufacturing,,99,,,
trustpilot,Company / Service,first4lawyers.com,first4lawyers.com,Productivity & Business,Legal Services & Government,,99,,,
trustpilot,Company / Service,graysons.co.uk,graysons.co.uk,Productivity & Business,Legal Services & Government,,99,,,
trustpilot,Company / Service,heatingoil.co.uk,heatingoil.co.uk,Productivity & Business,Construction & Manufacturing,,99,,,
trustpilot,Company / Service,heatingpartswarehouse.co.uk,heatingpartswarehouse.co.uk,Productivity & Business,Construction & Manufacturing,,99,,,
trustpilot,Company / Service,howetools.co.uk,howetools.co.uk,Productivity & Business,Construction & Manufacturing,,99,,,
trustpilot,Company / Service,hpicheck.com,hpicheck.com,Productivity & Business,Legal Services & Government,,99,,,
trustpilot,Company / Service,paysend.com,paysend.com,Productivity & Business,Business Services,,99,,,
trustpilot,Company / Service,payzilch.com,payzilch.com,Productivity & Business,Business Services,,99,,,
trustpilot,Company / Service,penn-elcom.com,penn-elcom.com,Productivity & Business,Construction & Manufacturing,,99,,,
trustpilot,Company / Service,rightfuelcard.co.uk,rightfuelcard.co.uk,Productivity & Business,Business Services,,99,,,
trustpilot,Company / Service,safetygloves.co.uk,safetygloves.co.uk,Productivity & Business,Construction & Manufacturing,,99,,,
trustpilot,Company / Service,skypax.com,skypax.com,Productivity & Business,Business Services,,99,,,
trustpilot,Company / Service,wainhomes.co.uk,wainhomes.co.uk,Productivity & Business,Construction & Manufacturing,,99,,,
trustpilot,Company / Service,winnsolicitors.com,winnsolicitors.com,Productivity & Business,Legal Services & Government,,99,,,
trustpilot,Company / Service,www.admirallaw.co.uk,www.admirallaw.co.uk,Productivity & Business,Legal Services & Government,,99,,,
trustpilot,Company / Service,www.its.co.uk,www.its.co.uk,Productivity & Business,Construction & Manufacturing,,99,,,
trustpilot,Company / Service,www.lifepointspanel.com,www.lifepointspanel.com,Productivity & Business,Business Services,,99,,,
trustpilot,Company / Service,www.patientclaimline.com,www.patientclaimline.com,Productivity & Business,Legal Services & Government,,99,,,
trustpilot,Company / Service,www.setfords.co.uk,www.setfords.co.uk,Productivity & Business,Legal Services & Government,,99,,,
trustpilot,Company / Service,www.toolstation.com,www.toolstation.com,Productivity & Business,Construction & Manufacturing,,99,,,
trustpilot,Company / Service,www.tt2.co.uk,www.tt2.co.uk,Productivity & Business,Legal Services & Government,,99,,,
trustpilot,Company / Service,biogroup-laboratory.co.uk,biogroup-laboratory.co.uk,Productivity & Business,Business Services,,98,,,
trustpilot,Company / Service,challengetrg.co.uk,challengetrg.co.uk,Productivity & Business,Business Services,,98,,,
trustpilot,Company / Service,millerhomes.co.uk,millerhomes.co.uk,Productivity & Business,Construction & Manufacturing,,98,,,
trustpilot,Company / Service,personnelchecks.co.uk,personnelchecks.co.uk,Productivity & Business,Legal Services & Government,,98,,,
trustpilot,Company / Service,shopezy.com,shopezy.com,Productivity & Business,Business Services,,98,,,
trustpilot,Company / Service,tradesparky.com,tradesparky.com,Productivity & Business,Business Services,,98,,,
trustpilot,Company / Service,tradetoolgiveaways.co.uk,tradetoolgiveaways.co.uk,Productivity & Business,Construction & Manufacturing,,98,,,
trustpilot,Company / Service,www.atheneum.ai,www.atheneum.ai,Productivity & Business,Business Services,,98,,,
trustpilot,Company / Service,www.buyaparcel.com,www.buyaparcel.com,Productivity & Business,Construction & Manufacturing,,98,,,
trustpilot,Company / Service,www.companiesmadesimple.com,www.companiesmadesimple.com,Productivity & Business,Business Services,,98,,,
trustpilot,Company / Service,www.pls-solicitors.co.uk,www.pls-solicitors.co.uk,Productivity & Business,Legal Services & Government,,98,,,
trustpilot,Company / Service,freewills.co.uk,freewills.co.uk,Productivity & Business,Legal Services & Government,,96,,,
trustpilot,Company / Service,www.zenco.com,www.zenco.com,Productivity & Business,Legal Services & Government,,96,,,
trustpilot,Company / Service,peninsulagrouplimited.com,peninsulagrouplimited.com,Productivity & Business,Business Services,,95,,,
trustpilot,Company / Service,www.celsolicitors.co.uk,www.celsolicitors.co.uk,Productivity & Business,Legal Services & Government,,93,,,
trustpilot,Company / Service,idaoffice.org,idaoffice.org,Productivity & Business,Legal Services & Government,,92,,,
trustpilot,Company / Service,www.emovis-tag.co.uk,www.emovis-tag.co.uk,Productivity & Business,Legal Services & Government,,92,,,
trustpilot,Company / Service,www.azatom.com,www.azatom.com,Productivity & Business,Construction & Manufacturing,,90,,,
trustpilot,Company / Service,hja.net,hja.net,Productivity & Business,Legal Services & Government,,89,,,
trustpilot,Company / Service,www.cwberry.com,www.cwberry.com,Productivity & Business,Construction & Manufacturing,,88,,,
trustpilot,Company / Service,www.usb2u.co.uk,www.usb2u.co.uk,Productivity & Business,Business Services,,87,,,
trustpilot,Company / Service,www.1stchoice-formations.co.uk,www.1stchoice-formations.co.uk,Productivity & Business,Business Services,,86,,,
trustpilot,Company / Service,www.bishopsgatelaw.com,www.bishopsgatelaw.com,Productivity & Business,Legal Services & Government,,86,,,
trustpilot,Company / Service,fordfuels.co.uk,fordfuels.co.uk,Productivity & Business,Construction & Manufacturing,,85,,,
trustpilot,Company / Service,switalskis.com,switalskis.com,Productivity & Business,Legal Services & Government,,85,,,
trustpilot,Company / Service,equilaw.uk.com,equilaw.uk.com,Productivity & Business,Legal Services & Government,,84,,,
trustpilot,Company / Service,rennietool.co.uk,rennietool.co.uk,Productivity & Business,Construction & Manufacturing,,84,,,
trustpilot,Company / Service,poundwholesale.co.uk,poundwholesale.co.uk,Productivity & Business,Business Services,,83,,,
trustpilot,Company / Service,studiocharrette.co.uk,studiocharrette.co.uk,Productivity & Business,Construction & Manufacturing,,83,,,
trustpilot,Company / Service,topreg.co.uk,topreg.co.uk,Productivity & Business,Legal Services & Government,,83,,,
trustpilot,Company / Service,www.puckator.co.uk,www.puckator.co.uk,Productivity & Business,Business Services,,82,,,
trustpilot,Company / Service,newspaperclub.com,newspaperclub.com,Productivity & Business,Business Services,,81,,,
trustpilot,Company / Service,qcs.co.uk,qcs.co.uk,Productivity & Business,Business Services,,81,,,
trustpilot,Company / Service,shoosmiths.com,shoosmiths.com,Productivity & Business,Legal Services & Government,,80,,,
trustpilot,Company / Service,www.paints4trade.com,www.paints4trade.com,Productivity & Business,Construction & Manufacturing,,80,,,
trustpilot,Company / Service,uk.vevor.com,uk.vevor.com,Productivity & Business,Business Services,,79,,,
trustpilot,Company / Service,123sheets.co.uk,123sheets.co.uk,Productivity & Business,Business Services,,78,,,
trustpilot,Company / Service,www.qualitycompanyformations.co.uk,www.qualitycompanyformations.co.uk,Productivity & Business,Business Services,,78,,,
trustpilot,Company / Service,acecompetitions.co.uk,acecompetitions.co.uk,Productivity & Business,Business Services,,77,,,
trustpilot,Company / Service,croner.co.uk,croner.co.uk,Productivity & Business,Business Services,,77,,,
trustpilot,Company / Service,www.nhlaw.co.uk,www.nhlaw.co.uk,Productivity & Business,Legal Services & Government,,77,,,
trustpilot,Company / Service,quickfile.co.uk,quickfile.co.uk,Productivity & Business,Business Services,,76,,,
trustpilot,Company / Service,mycarimport.co.uk,mycarimport.co.uk,Productivity & Business,Business Services,,73,,,
trustpilot,Company / Service,www.valueoils.com,www.valueoils.com,Productivity & Business,Construction & Manufacturing,,73,,,
trustpilot,Company / Service,itseeze.com,itseeze.com,Productivity & Business,Business Services,,72,,,
trustpilot,Company / Service,metroprepaid.co.uk,metroprepaid.co.uk,Productivity & Business,Construction & Manufacturing,,70,,,
trustpilot,Company / Service,www.wearesapphire.co.uk,www.wearesapphire.co.uk,Productivity & Business,Business Services,,70,,,
trustpilot,Company / Service,combinedshipping.co.uk,combinedshipping.co.uk,Productivity & Business,Business Services,,68,,,
trustpilot,Company / Service,jacksonboyd.co.uk,jacksonboyd.co.uk,Productivity & Business,Legal Services & Government,,68,,,
trustpilot,Company / Service,twine.net,twine.net,Productivity & Business,Business Services,,68,,,
trustpilot,Company / Service,www.stl-training.co.uk,www.stl-training.co.uk,Productivity & Business,Business Services,,68,,,
trustpilot,Company / Service,englishexamcentre.com,englishexamcentre.com,Productivity & Business,Legal Services & Government,,67,,,
trustpilot,Company / Service,hegarty.co.uk,hegarty.co.uk,Productivity & Business,Legal Services & Government,,67,,,
trustpilot,Company / Service,nextdigitalkey.com,nextdigitalkey.com,Productivity & Business,Business Services,,67,,,
trustpilot,Company / Service,courmacslegal.co.uk,courmacslegal.co.uk,Productivity & Business,Legal Services & Government,,66,,,
trustpilot,Company / Service,www.tiptapp.com,www.tiptapp.com,Productivity & Business,Business Services,,65,,,
trustpilot,Company / Service,tradepumps.com,tradepumps.com,Productivity & Business,Construction & Manufacturing,,64,,,
trustpilot,Company / Service,westernfuel.co.uk,westernfuel.co.uk,Productivity & Business,Construction & Manufacturing,,64,,,
trustpilot,Company / Service,www.icslegal.com,www.icslegal.com,Productivity & Business,Legal Services & Government,,64,,,
trustpilot,Company / Service,www.croneri.co.uk,www.croneri.co.uk,Productivity & Business,Business Services,,63,,,
trustpilot,Company / Service,theportfoliogroup.co.uk,theportfoliogroup.co.uk,Productivity & Business,Business Services,,62,,,
trustpilot,Company / Service,ukmigrationlawyers.com,ukmigrationlawyers.com,Productivity & Business,Legal Services & Government,,60,,,
trustpilot,Company / Service,companywizard.co.uk,companywizard.co.uk,Productivity & Business,Business Services,,59,,,
trustpilot,Company / Service,www.hanicks.co.uk,www.hanicks.co.uk,Productivity & Business,Construction & Manufacturing,,58,,,
trustpilot,Company / Service,www.progasheating.co.uk,www.progasheating.co.uk,Productivity & Business,Construction & Manufacturing,,57,,,
trustpilot,Company / Service,navienuk.com,navienuk.com,Productivity & Business,Construction & Manufacturing,,56,,,
trustpilot,Company / Service,www.lawcomm.co.uk,www.lawcomm.co.uk,Productivity & Business,Legal Services & Government,,56,,,
trustpilot,Company / Service,www.flashbay.co.uk,www.flashbay.co.uk,Productivity & Business,Business Services,,54,,,
trustpilot,Company / Service,www.timeguard.com,www.timeguard.com,Productivity & Business,Construction & Manufacturing,,53,,,
trustpilot,Company / Service,wepcwills.com,wepcwills.com,Productivity & Business,Legal Services & Government,,52,,,
trustpilot,Company / Service,ukimmigrationsolicitors.co.uk,ukimmigrationsolicitors.co.uk,Productivity & Business,Legal Services & Government,,51,,,
trustpilot,Company / Service,bic-immigration.com,bic-immigration.com,Productivity & Business,Legal Services & Government,,49,,,
trustpilot,Company / Service,productfocus.com,productfocus.com,Productivity & Business,Business Services,,49,,,
trustpilot,Company / Service,www.intueco.co.uk,www.intueco.co.uk,Productivity & Business,Construction & Manufacturing,,49,,,
trustpilot,Company / Service,dictate2us.com,dictate2us.com,Productivity & Business,Business Services,,48,,,
trustpilot,Company / Service,fibreheroes.co.uk,fibreheroes.co.uk,Productivity & Business,Construction & Manufacturing,,48,,,
trustpilot,Company / Service,www.monarchwater.co.uk,www.monarchwater.co.uk,Productivity & Business,Construction & Manufacturing,,48,,,
trustpilot,Company / Service,firstmigration.com,firstmigration.com,Productivity & Business,Legal Services & Government,,47,,,
trustpilot,Company / Service,gdjones.co.uk,gdjones.co.uk,Productivity & Business,Construction & Manufacturing,,46,,,
trustpilot,Company / Service,hs-legal.co.uk,hs-legal.co.uk,Productivity & Business,Legal Services & Government,,46,,,
trustpilot,Company / Service,national-claims.co.uk,national-claims.co.uk,Productivity & Business,Legal Services & Government,,46,,,
trustpilot,Company / Service,protectmywork.com,protectmywork.com,Productivity & Business,Legal Services & Government,,46,,,
trustpilot,Company / Service,privatewatersupplies.org.uk,privatewatersupplies.org.uk,Productivity & Business,Construction & Manufacturing,,45,,,
trustpilot,Company / Service,davidsonmorris.com,davidsonmorris.com,Productivity & Business,Legal Services & Government,,44,,,
trustpilot,Company / Service,kitchway.com,kitchway.com,Productivity & Business,Business Services,,44,,,
trustpilot,Company / Service,www.interface-nrm.co.uk,www.interface-nrm.co.uk,Productivity & Business,Business Services,,43,,,
trustpilot,Company / Service,fletcherlongstaff.com,fletcherlongstaff.com,Productivity & Business,Legal Services & Government,,41,,,
trustpilot,Company / Service,hoeshinternational.co.uk,hoeshinternational.co.uk,Productivity & Business,Business Services,,41,,,
trustpilot,Company / Service,searchability.com,searchability.com,Productivity & Business,Business Services,,41,,,
trustpilot,Company / Service,beaconrisk.co.uk,beaconrisk.co.uk,Productivity & Business,Business Services,,40,,,
trustpilot,Company / Service,artonheat.co.uk,artonheat.co.uk,Productivity & Business,Construction & Manufacturing,,39,,,
trustpilot,Company / Service,citylegalsolicitors.co.uk,citylegalsolicitors.co.uk,Productivity & Business,Legal Services & Government,,39,,,
trustpilot,Company / Service,www.jamescargo.com,www.jamescargo.com,Productivity & Business,Business Services,,38,,,
trustpilot,Company / Service,letsmoveconveyancing.co.uk,letsmoveconveyancing.co.uk,Productivity & Business,Legal Services & Government,,37,,,
trustpilot,Company / Service,wanbexpress.com,wanbexpress.com,Productivity & Business,Business Services,,37,,,
trustpilot,Company / Service,ecoboilergrants.uk,ecoboilergrants.uk,Productivity & Business,Construction & Manufacturing,,36,,,
trustpilot,Company / Service,ember.co,ember.co,Productivity & Business,Business Services,,35,,,
trustpilot,Company / Service,www.swiftimmigration.co.uk,www.swiftimmigration.co.uk,Productivity & Business,Legal Services & Government,,35,,,
trustpilot,Company / Service,harrymasons.com,harrymasons.com,Productivity & Business,Business Services,,33,,,
trustpilot,Company / Service,premierjobsuk.com,premierjobsuk.com,Productivity & Business,Business Services,,33,,,
trustpilot,Company / Service,advanceddrivingtuition.co.uk,advanceddrivingtuition.co.uk,Productivity & Business,Legal Services & Government,,32,,,
trustpilot,Company / Service,www.global-law.co.uk,www.global-law.co.uk,Productivity & Business,Legal Services & Government,,32,,,
trustpilot,Company / Service,charter-controls.com,charter-controls.com,Productivity & Business,Business Services,,29,,,
trustpilot,Company / Service,beeautomation.co.uk,beeautomation.co.uk,Productivity & Business,Business Services,,27,,,
trustpilot,Company / Service,faranitaylor.com,faranitaylor.com,Productivity & Business,Legal Services & Government,,27,,,
trustpilot,Company / Service,jhanviglobalsolution.com,jhanviglobalsolution.com,Productivity & Business,Business Services,,27,,,
trustpilot,Company / Service,people.travelcounsellors.com,people.travelcounsellors.com,Productivity & Business,Business Services,,27,,,
trustpilot,Company / Service,lloydsmotorgroup.co.uk,lloydsmotorgroup.co.uk,Productivity & Business,Business Services,,26,,,
trustpilot,Company / Service,aluminium-scaffoldtowers.co.uk,aluminium-scaffoldtowers.co.uk,Productivity & Business,Construction & Manufacturing,,25,,,
trustpilot,Company / Service,assuretechnical.com,assuretechnical.com,Productivity & Business,Business Services,,25,,,
trustpilot,Company / Service,getapron.com,getapron.com,Productivity & Business,Business Services,,24,,,
trustpilot,Company / Service,hostcat.co.uk,hostcat.co.uk,Productivity & Business,Business Services,,24,,,
trustpilot,Company / Service,rdvault.co.uk,rdvault.co.uk,Productivity & Business,Business Services,,24,,,
trustpilot,Company / Service,recruited.uk.com,recruited.uk.com,Productivity & Business,Business Services,,24,,,
trustpilot,Company / Service,abbottsolicitors.com,abbottsolicitors.com,Productivity & Business,Legal Services & Government,,23,,,
trustpilot,Company / Service,bespokelandscapedesigns.co.uk,bespokelandscapedesigns.co.uk,Productivity & Business,Construction & Manufacturing,,23,,,
trustpilot,Company / Service,getwork.co.uk,getwork.co.uk,Productivity & Business,Business Services,,23,,,
trustpilot,Company / Service,engager.app,engager.app,Productivity & Business,Business Services,,22,,,
trustpilot,Company / Service,nexusvisas.co.uk,nexusvisas.co.uk,Productivity & Business,Legal Services & Government,,22,,,
trustpilot,Company / Service,ovalsurveyors.co.uk,ovalsurveyors.co.uk,Productivity & Business,Construction & Manufacturing,,22,,,
trustpilot,Company / Service,www.myprobatepartner.co.uk,www.myprobatepartner.co.uk,Productivity & Business,Legal Services & Government,,22,,,
trustpilot,Company / Service,andrewjamessurveyors.co.uk,andrewjamessurveyors.co.uk,Productivity & Business,Construction & Manufacturing,,21,,,
trustpilot,Company / Service,www.dotgo.uk,www.dotgo.uk,Productivity & Business,Business Services,,21,,,
trustpilot,Company / Service,www.greenlinehealthcare.co.uk,www.greenlinehealthcare.co.uk,Productivity & Business,Business Services,,21,,,
trustpilot,Company / Service,yisolutions.co.uk,yisolutions.co.uk,Productivity & Business,Legal Services & Government,,21,,,
trustpilot,Company / Service,heatingoiltoday.co.uk,heatingoiltoday.co.uk,Productivity & Business,Construction & Manufacturing,,20,,,
trustpilot,Company / Service,immigrationsolicitorsuk.com,immigrationsolicitorsuk.com,Productivity & Business,Legal Services & Government,,20,,,
trustpilot,Company / Service,smtechltd.co.uk,smtechltd.co.uk,Productivity & Business,Construction & Manufacturing,,20,,,
trustpilot,Company / Service,stellarselect.co.uk,stellarselect.co.uk,Productivity & Business,Business Services,,20,,,
trustpilot,Company / Service,ukvisaexpert.com,ukvisaexpert.com,Productivity & Business,Legal Services & Government,,20,,,
trustpilot,Company / Service,westlandmark.com,westlandmark.com,Productivity & Business,Legal Services & Government,,20,,,
trustpilot,Company / Service,migration-usa.com,migration-usa.com,Productivity & Business,Legal Services & Government,,12,,,
trustpilot,Company / Service,adamprudenslaw.co.uk,adamprudenslaw.co.uk,Productivity & Business,Legal Services & Government,,10,,,
trustpilot,Company / Service,plaque-polycarbonate.fr,plaque-polycarbonate.fr,Productivity & Business,Construction & Manufacturing,,9,,,
trustpilot,Company / Service,kulachisolicitors.co.uk,kulachisolicitors.co.uk,Productivity & Business,Legal Services & Government,,8,,,
trustpilot,Company / Service,salvatori.com,salvatori.com,Productivity & Business,Business Services,,7,,,
trustpilot,Company / Service,tedimmigration.co.uk,tedimmigration.co.uk,Productivity & Business,Legal Services & Government,,7,,,
trustpilot,Company / Service,coventrystreet.co.uk,coventrystreet.co.uk,Productivity & Business,Legal Services & Government,,6,,,
trustpilot,Company / Service,ibpx.eu,ibpx.eu,Productivity & Business,Business Services,,5,,,
trustpilot,Company / Service,immigrationresolution.co.uk,immigrationresolution.co.uk,Productivity & Business,Legal Services & Government,,5,,,
trustpilot,Company / Service,haleemachambers.co.uk,haleemachambers.co.uk,Productivity & Business,Legal Services & Government,,3,,,
trustpilot,Company / Service,y-axis.co.uk,y-axis.co.uk,Productivity & Business,Legal Services & Government,,3,,,
trustpilot,Company / Service,panoramixip.co.uk,panoramixip.co.uk,Productivity & Business,Legal Services & Government,,2,,,
trustpilot,Company / Service,bluebella.com,bluebella.com,Shopping & Commerce,Shopping & Fashion,,100,,,
trustpilot,Company / Service,chillys.com,chillys.com,Shopping & Commerce,Shopping & Fashion,,100,,,
trustpilot,Company / Service,cottontraders.com,cottontraders.com,Shopping & Commerce,Shopping & Fashion,,100,,,
trustpilot,Company / Service,disturbia.co.uk,disturbia.co.uk,Shopping & Commerce,Shopping & Fashion,,100,,,
trustpilot,Company / Service,endclothing.com,endclothing.com,Shopping & Commerce,Shopping & Fashion,,100,,,
trustpilot,Company / Service,fabletics.co.uk,fabletics.co.uk,Shopping & Commerce,Shopping & Fashion,,100,,,
trustpilot,Company / Service,flannels.com,flannels.com,Shopping & Commerce,Shopping & Fashion,,100,,,
trustpilot,Company / Service,holidayextras.com,holidayextras.com,Shopping & Commerce,Shopping & Fashion,,100,,,
trustpilot,Company / Service,londonsockcompany.com,londonsockcompany.com,Shopping & Commerce,Shopping & Fashion,,100,,,
trustpilot,Company / Service,pompomlondon.com,pompomlondon.com,Shopping & Commerce,Shopping & Fashion,,100,,,
trustpilot,Company / Service,savana.com,savana.com,Shopping & Commerce,Shopping & Fashion,,100,,,
trustpilot,Company / Service,stashyscrunchie.com,stashyscrunchie.com,Shopping & Commerce,Shopping & Fashion,,100,,,
trustpilot,Company / Service,studio.co.uk,studio.co.uk,Shopping & Commerce,Shopping & Fashion,,100,,,
trustpilot,Company / Service,tillettsclothing.co.uk,tillettsclothing.co.uk,Shopping & Commerce,Shopping & Fashion,,100,,,
trustpilot,Company / Service,uk.toonzshop.com,uk.toonzshop.com,Shopping & Commerce,Shopping & Fashion,,100,,,
trustpilot,Company / Service,www.andsons.co.uk,www.andsons.co.uk,Shopping & Commerce,Shopping & Fashion,,100,,,
trustpilot,Company / Service,www.boohoo.com,www.boohoo.com,Shopping & Commerce,Shopping & Fashion,,100,,,
trustpilot,Company / Service,www.brandalley.co.uk,www.brandalley.co.uk,Shopping & Commerce,Shopping & Fashion,,100,,,
trustpilot,Company / Service,www.chemical-records.co.uk,www.chemical-records.co.uk,Shopping & Commerce,Shopping & Fashion,,100,,,
trustpilot,Company / Service,www.conveyancingindex.co.uk,www.conveyancingindex.co.uk,Shopping & Commerce,Shopping & Fashion,,100,,,
trustpilot,Company / Service,www.decathlon.co.uk,www.decathlon.co.uk,Shopping & Commerce,Shopping & Fashion,,100,,,
trustpilot,Company / Service,www.friday-ad.co.uk,www.friday-ad.co.uk,Shopping & Commerce,Shopping & Fashion,,100,,,
trustpilot,Company / Service,www.houseoffraser.co.uk,www.houseoffraser.co.uk,Shopping & Commerce,Shopping & Fashion,,100,,,
trustpilot,Company / Service,www.itison.com,www.itison.com,Shopping & Commerce,Shopping & Fashion,,100,,,
trustpilot,Company / Service,www.ldmountaincentre.com,www.ldmountaincentre.com,Shopping & Commerce,Shopping & Fashion,,100,,,
trustpilot,Company / Service,www.loveenergysavings.com,www.loveenergysavings.com,Shopping & Commerce,Shopping & Fashion,,100,,,
trustpilot,Company / Service,www.mandco.com,www.mandco.com,Shopping & Commerce,Shopping & Fashion,,100,,,
trustpilot,Company / Service,www.mastershoe.co.uk,www.mastershoe.co.uk,Shopping & Commerce,Shopping & Fashion,,100,,,
trustpilot,Company / Service,www.neweracap.co.uk,www.neweracap.co.uk,Shopping & Commerce,Shopping & Fashion,,100,,,
trustpilot,Company / Service,www.next.co.uk,www.next.co.uk,Shopping & Commerce,Shopping & Fashion,,100,,,
trustpilot,Company / Service,www.outdoorgb.com,www.outdoorgb.com,Shopping & Commerce,Shopping & Fashion,,100,,,
trustpilot,Company / Service,www.pistonheads.com,www.pistonheads.com,Shopping & Commerce,Shopping & Fashion,,100,,,
trustpilot,Company / Service,www.prodirectsport.com,www.prodirectsport.com,Shopping & Commerce,Shopping & Fashion,,100,,,
trustpilot,Company / Service,www.qvcuk.com,www.qvcuk.com,Shopping & Commerce,Shopping & Fashion,,100,,,
trustpilot,Company / Service,www.tiso.com,www.tiso.com,Shopping & Commerce,Shopping & Fashion,,100,,,
trustpilot,Company / Service,www.very.co.uk,www.very.co.uk,Shopping & Commerce,Shopping & Fashion,,100,,,
trustpilot,Company / Service,expresstrainers.com,expresstrainers.com,Shopping & Commerce,Shopping & Fashion,,99,,,
trustpilot,Company / Service,saltrock.com,saltrock.com,Shopping & Commerce,Shopping & Fashion,,99,,,
trustpilot,Company / Service,www.hoppa.com,www.hoppa.com,Shopping & Commerce,Shopping & Fashion,,99,,,
trustpilot,Company / Service,www.mine4sure.com,www.mine4sure.com,Shopping & Commerce,Shopping & Fashion,,99,,,
trustpilot,Company / Service,www.radley.co.uk,www.radley.co.uk,Shopping & Commerce,Shopping & Fashion,,99,,,
trustpilot,Company / Service,www.wolfandbadger.com,www.wolfandbadger.com,Shopping & Commerce,Shopping & Fashion,,99,,,
trustpilot,Company / Service,gothrift.co.uk,gothrift.co.uk,Shopping & Commerce,Shopping & Fashion,,98,,,
trustpilot,Company / Service,rokalondon.com,rokalondon.com,Shopping & Commerce,Shopping & Fashion,,97,,,
trustpilot,Company / Service,hj.co.uk,hj.co.uk,Shopping & Commerce,Shopping & Fashion,,94,,,
trustpilot,Company / Service,www.addtoevent.co.uk,www.addtoevent.co.uk,Shopping & Commerce,Shopping & Fashion,,93,,,
trustpilot,Company / Service,airandgracelondon.com,airandgracelondon.com,Shopping & Commerce,Shopping & Fashion,,92,,,
trustpilot,Company / Service,www.4feetshoes.com,www.4feetshoes.com,Shopping & Commerce,Shopping & Fashion,,91,,,
trustpilot,Company / Service,vx-3.com,vx-3.com,Shopping & Commerce,Shopping & Fashion,,90,,,
trustpilot,Company / Service,tog24.com,tog24.com,Shopping & Commerce,Shopping & Fashion,,85,,,
trustpilot,Company / Service,thehambledon.com,thehambledon.com,Shopping & Commerce,Shopping & Fashion,,71,,,
trustpilot,Company / Service,cueandcase.co.uk,cueandcase.co.uk,Shopping & Commerce,Shopping & Fashion,,70,,,
trustpilot,Company / Service,wearemout.co.uk,wearemout.co.uk,Shopping & Commerce,Shopping & Fashion,,65,,,
trustpilot,Company / Service,bqwatches.com,bqwatches.com,Shopping & Commerce,Shopping & Fashion,,63,,,
trustpilot,Company / Service,theknightsvault.com,theknightsvault.com,Shopping & Commerce,Shopping & Fashion,,61,,,
trustpilot,Company / Service,ion8.co.uk,ion8.co.uk,Shopping & Commerce,Shopping & Fashion,,59,,,
trustpilot,Company / Service,littlejewellerycompany.co.uk,littlejewellerycompany.co.uk,Shopping & Commerce,Shopping & Fashion,,56,,,
trustpilot,Company / Service,www.simplysafecarseats.co.uk,www.simplysafecarseats.co.uk,Shopping & Commerce,Shopping & Fashion,,56,,,
trustpilot,Company / Service,finnies.com,finnies.com,Shopping & Commerce,Shopping & Fashion,,55,,,
trustpilot,Company / Service,mrharoldandson.com,mrharoldandson.com,Shopping & Commerce,Shopping & Fashion,,52,,,
trustpilot,Company / Service,enoksenwatches.com,enoksenwatches.com,Shopping & Commerce,Shopping & Fashion,,45,,,
trustpilot,Company / Service,authenticated.com,authenticated.com,Shopping & Commerce,Shopping & Fashion,,42,,,
trustpilot,Company / Service,swisstimepieces.co.uk,swisstimepieces.co.uk,Shopping & Commerce,Shopping & Fashion,,42,,,
trustpilot,Company / Service,williamwoodwatches.com,williamwoodwatches.com,Shopping & Commerce,Shopping & Fashion,,42,,,
trustpilot,Company / Service,lilyarkwright.com,lilyarkwright.com,Shopping & Commerce,Shopping & Fashion,,30,,,
trustpilot,Company / Service,birthpoolinabox.co.uk,birthpoolinabox.co.uk,Shopping & Commerce,Shopping & Fashion,,29,,,
trustpilot,Company / Service,www.decorisdiamonds.co.uk,www.decorisdiamonds.co.uk,Shopping & Commerce,Shopping & Fashion,,22,,,
trustpilot,Company / Service,backmarket.co.uk,backmarket.co.uk,Tools & Utilities,Electronics & Technology,,100,,,
trustpilot,Company / Service,belling.co.uk,belling.co.uk,Tools & Utilities,Electronics & Technology,,100,,,
trustpilot,Company / Service,bopdj.com,bopdj.com,Tools & Utilities,Electronics & Technology,,100,,,
trustpilot,Company / Service,directvacuums.co.uk,directvacuums.co.uk,Tools & Utilities,Electronics & Technology,,100,,,
trustpilot,Company / Service,electricalworld.com,electricalworld.com,Tools & Utilities,Electronics & Technology,,100,,,
trustpilot,Company / Service,giffgaff.com,giffgaff.com,Tools & Utilities,Electronics & Technology,,100,,,
trustpilot,Company / Service,go-assist.co.uk,go-assist.co.uk,Tools & Utilities,Electronics & Technology,,100,,,
trustpilot,Company / Service,gtech.co.uk,gtech.co.uk,Tools & Utilities,Electronics & Technology,,100,,,
trustpilot,Company / Service,hotpointservice.co.uk,hotpointservice.co.uk,Tools & Utilities,Electronics & Technology,,100,,,
trustpilot,Company / Service,hughes.co.uk,hughes.co.uk,Tools & Utilities,Electronics & Technology,,100,,,
trustpilot,Company / Service,mobiletopup.co.uk,mobiletopup.co.uk,Tools & Utilities,Electronics & Technology,,100,,,
trustpilot,Company / Service,ransomspares.co.uk,ransomspares.co.uk,Tools & Utilities,Electronics & Technology,,100,,,
trustpilot,Company / Service,sharkclean.co.uk,sharkclean.co.uk,Tools & Utilities,Electronics & Technology,,100,,,
trustpilot,Company / Service,subcold.com,subcold.com,Tools & Utilities,Electronics & Technology,,100,,,
trustpilot,Company / Service,uw.co.uk,uw.co.uk,Tools & Utilities,Electronics & Technology,,100,,,
trustpilot,Company / Service,www.appliancecity.co.uk,www.appliancecity.co.uk,Tools & Utilities,Electronics & Technology,,100,,,
trustpilot,Company / Service,www.appliancesdirect.co.uk,www.appliancesdirect.co.uk,Tools & Utilities,Electronics & Technology,,100,,,
trustpilot,Company / Service,www.buyspares.co.uk,www.buyspares.co.uk,Tools & Utilities,Electronics & Technology,,100,,,
trustpilot,Company / Service,www.currys.co.uk,www.currys.co.uk,Tools & Utilities,Electronics & Technology,,100,,,
trustpilot,Company / Service,www.dyson.co.uk,www.dyson.co.uk,Tools & Utilities,Electronics & Technology,,100,,,
trustpilot,Company / Service,www.ebuyer.com,www.ebuyer.com,Tools & Utilities,Electronics & Technology,,100,,,
trustpilot,Company / Service,www.espares.co.uk,www.espares.co.uk,Tools & Utilities,Electronics & Technology,,100,,,
trustpilot,Company / Service,www.ghdhair.com,www.ghdhair.com,Tools & Utilities,Electronics & Technology,,100,,,
trustpilot,Company / Service,www.hivehome.com,www.hivehome.com,Tools & Utilities,Electronics & Technology,,100,,,
trustpilot,Company / Service,www.idmobile.co.uk,www.idmobile.co.uk,Tools & Utilities,Electronics & Technology,,100,,,
trustpilot,Company / Service,www.jessops.com,www.jessops.com,Tools & Utilities,Electronics & Technology,,100,,,
trustpilot,Company / Service,www.lcegroup.co.uk,www.lcegroup.co.uk,Tools & Utilities,Electronics & Technology,,100,,,
trustpilot,Company / Service,www.markselectrical.co.uk,www.markselectrical.co.uk,Tools & Utilities,Electronics & Technology,,100,,,
trustpilot,Company / Service,www.mrmemory.co.uk,www.mrmemory.co.uk,Tools & Utilities,Electronics & Technology,,100,,,
trustpilot,Company / Service,www.partmaster.co.uk,www.partmaster.co.uk,Tools & Utilities,Electronics & Technology,,100,,,
trustpilot,Company / Service,www.petertyson.co.uk,www.petertyson.co.uk,Tools & Utilities,Electronics & Technology,,100,,,
trustpilot,Company / Service,www.richersounds.com,www.richersounds.com,Tools & Utilities,Electronics & Technology,,100,,,
trustpilot,Company / Service,www.sevenoakssoundandvision.co.uk,www.sevenoakssoundandvision.co.uk,Tools & Utilities,Electronics & Technology,,100,,,
trustpilot,Company / Service,www.sonicdirect.co.uk,www.sonicdirect.co.uk,Tools & Utilities,Electronics & Technology,,100,,,
trustpilot,Company / Service,www.tayna.co.uk,www.tayna.co.uk,Tools & Utilities,Electronics & Technology,,100,,,
trustpilot,Company / Service,www.vax.co.uk,www.vax.co.uk,Tools & Utilities,Electronics & Technology,,100,,,
trustpilot,Company / Service,juicebitz.co.uk,juicebitz.co.uk,Tools & Utilities,Electronics & Technology,,99,,,
trustpilot,Company / Service,partscentre.co.uk,partscentre.co.uk,Tools & Utilities,Electronics & Technology,,99,,,
trustpilot,Company / Service,productkeys.com,productkeys.com,Tools & Utilities,Electronics & Technology,,99,,,
trustpilot,Company / Service,radioworld.co.uk,radioworld.co.uk,Tools & Utilities,Electronics & Technology,,99,,,
trustpilot,Company / Service,talktalkbusiness.co.uk,talktalkbusiness.co.uk,Tools & Utilities,Electronics & Technology,,99,,,
trustpilot,Company / Service,www.yourspares.co.uk,www.yourspares.co.uk,Tools & Utilities,Electronics & Technology,,99,,,
trustpilot,Company / Service,www.hifix.co.uk,www.hifix.co.uk,Tools & Utilities,Electronics & Technology,,98,,,
trustpilot,Company / Service,www.perlego.com,www.perlego.com,Tools & Utilities,Electronics & Technology,,98,,,
trustpilot,Company / Service,www.webuytek.co.uk,www.webuytek.co.uk,Tools & Utilities,Electronics & Technology,,97,,,
trustpilot,Company / Service,synthesia.io,synthesia.io,Tools & Utilities,Electronics & Technology,,86,,,
trustpilot,Company / Service,headset-store.co.uk,headset-store.co.uk,Tools & Utilities,Electronics & Technology,,83,,,
trustpilot,Company / Service,simplyantivirus.co.uk,simplyantivirus.co.uk,Tools & Utilities,Electronics & Technology,,78,,,
trustpilot,Company / Service,softwaresupply.net,softwaresupply.net,Tools & Utilities,Electronics & Technology,,73,,,
trustpilot,Company / Service,scgconnected.co.uk,scgconnected.co.uk,Tools & Utilities,Electronics & Technology,,72,,,
trustpilot,Company / Service,computerangels.co.uk,computerangels.co.uk,Tools & Utilities,Electronics & Technology,,60,,,
trustpilot,Company / Service,www.cashfortech.co.uk,www.cashfortech.co.uk,Tools & Utilities,Electronics & Technology,,59,,,
trustpilot,Company / Service,cheshiremacs.com,cheshiremacs.com,Tools & Utilities,Electronics & Technology,,52,,,
trustpilot,Company / Service,dronesafestore.com,dronesafestore.com,Tools & Utilities,Electronics & Technology,,50,,,
trustpilot,Company / Service,phonebox.co.uk,phonebox.co.uk,Tools & Utilities,Electronics & Technology,,50,,,
trustpilot,Company / Service,www.ceiling-speakers.co.uk,www.ceiling-speakers.co.uk,Tools & Utilities,Electronics & Technology,,47,,,
trustpilot,Company / Service,www.gizmo2go.com,www.gizmo2go.com,Tools & Utilities,Electronics & Technology,,44,,,
trustpilot,Company / Service,remotefixer.co.uk,remotefixer.co.uk,Tools & Utilities,Electronics & Technology,,42,,,
trustpilot,Company / Service,lwrepairs.co.uk,lwrepairs.co.uk,Tools & Utilities,Electronics & Technology,,40,,,
trustpilot,Company / Service,powerpointstores.co.uk,powerpointstores.co.uk,Tools & Utilities,Electronics & Technology,,36,,,
trustpilot,Company / Service,techformusic.co.uk,techformusic.co.uk,Tools & Utilities,Electronics & Technology,,30,,,
trustpilot,Company / Service,ubermicro.co.uk,ubermicro.co.uk,Tools & Utilities,Electronics & Technology,,30,,,
trustpilot,Company / Service,ahappliancerepairs.co.uk,ahappliancerepairs.co.uk,Tools & Utilities,Electronics & Technology,,29,,,
trustpilot,Company / Service,shop.blackcatpc.co.uk,shop.blackcatpc.co.uk,Tools & Utilities,Electronics & Technology,,28,,,
trustpilot,Company / Service,tech4cash.com,tech4cash.com,Tools & Utilities,Electronics & Technology,,28,,,
trustpilot,Company / Service,wildviewcameras.co.uk,wildviewcameras.co.uk,Tools & Utilities,Electronics & Technology,,26,,,
trustpilot,Company / Service,pcrepairscheshire.co.uk,pcrepairscheshire.co.uk,Tools & Utilities,Electronics & Technology,,24,,,
trustpilot,Company / Service,licensel.com,licensel.com,Tools & Utilities,Electronics & Technology,,22,,,
trustpilot,Company / Service,brokenfones.com,brokenfones.com,Tools & Utilities,Electronics & Technology,,20,,,
trustpilot,Company / Service,1stchoice.co.uk,1stchoice.co.uk,Travel & Local,Vehicles & Transportation,,100,,,
trustpilot,Company / Service,awayresorts.co.uk,awayresorts.co.uk,Travel & Local,Travel & Vacation,,100,,,
trustpilot,Company / Service,brompton.com,brompton.com,Travel & Local,Vehicles & Transportation,,100,,,
trustpilot,Company / Service,budgetair.co.uk,budgetair.co.uk,Travel & Local,Travel & Vacation,,100,,,
trustpilot,Company / Service,cottages.com,cottages.com,Travel & Local,Travel & Vacation,,100,,,
trustpilot,Company / Service,etyres.co.uk,etyres.co.uk,Travel & Local,Vehicles & Transportation,,100,,,
trustpilot,Company / Service,farmerautocare.com,farmerautocare.com,Travel & Local,Vehicles & Transportation,,100,,,
trustpilot,Company / Service,fixauto.com,fixauto.com,Travel & Local,Vehicles & Transportation,,100,,,
trustpilot,Company / Service,flixbus.co.uk,flixbus.co.uk,Travel & Local,Vehicles & Transportation,,100,,,
trustpilot,Company / Service,haynes.com,haynes.com,Travel & Local,Vehicles & Transportation,,100,,,
trustpilot,Company / Service,holidaycottages.co.uk,holidaycottages.co.uk,Travel & Local,Travel & Vacation,,100,,,
trustpilot,Company / Service,justpark.com,justpark.com,Travel & Local,Vehicles & Transportation,,100,,,
trustpilot,Company / Service,leshuttle.com,leshuttle.com,Travel & Local,Travel & Vacation,,100,,,
trustpilot,Company / Service,loveholidays.com,loveholidays.com,Travel & Local,Travel & Vacation,,100,,,
trustpilot,Company / Service,myhotelbreak.com,myhotelbreak.com,Travel & Local,Travel & Vacation,,100,,,
trustpilot,Company / Service,paulscycles.co.uk,paulscycles.co.uk,Travel & Local,Vehicles & Transportation,,100,,,
trustpilot,Company / Service,pod-point.com,pod-point.com,Travel & Local,Vehicles & Transportation,,100,,,
trustpilot,Company / Service,revive-uk.com,revive-uk.com,Travel & Local,Vehicles & Transportation,,100,,,
trustpilot,Company / Service,sigmasports.com,sigmasports.com,Travel & Local,Vehicles & Transportation,,100,,,
trustpilot,Company / Service,superescapes.co.uk,superescapes.co.uk,Travel & Local,Travel & Vacation,,100,,,
trustpilot,Company / Service,taxis.gatwickairport.com,taxis.gatwickairport.com,Travel & Local,Vehicles & Transportation,,100,,,
trustpilot,Company / Service,traveltrolley.co.uk,traveltrolley.co.uk,Travel & Local,Travel & Vacation,,100,,,
trustpilot,Company / Service,travelup.com,travelup.com,Travel & Local,Travel & Vacation,,100,,,
trustpilot,Company / Service,treasuretrails.co.uk,treasuretrails.co.uk,Travel & Local,Travel & Vacation,,100,,,
trustpilot,Company / Service,trip.com,trip.com,Travel & Local,Travel & Vacation,,100,,,
trustpilot,Company / Service,tyresonthedrive.com,tyresonthedrive.com,Travel & Local,Vehicles & Transportation,,100,,,
trustpilot,Company / Service,www.audleytravel.com,www.audleytravel.com,Travel & Local,Travel & Vacation,,100,,,
trustpilot,Company / Service,www.autowindscreens.co.uk,www.autowindscreens.co.uk,Travel & Local,Vehicles & Transportation,,100,,,
trustpilot,Company / Service,www.balfesbikes.co.uk,www.balfesbikes.co.uk,Travel & Local,Vehicles & Transportation,,100,,,
trustpilot,Company / Service,www.barrheadtravel.co.uk,www.barrheadtravel.co.uk,Travel & Local,Travel & Vacation,,100,,,
trustpilot,Company / Service,www.blackcircles.com,www.blackcircles.com,Travel & Local,Vehicles & Transportation,,100,,,
trustpilot,Company / Service,www.bluechipholidays.co.uk,www.bluechipholidays.co.uk,Travel & Local,Travel & Vacation,,100,,,
trustpilot,Company / Service,www.brittany-ferries.co.uk,www.brittany-ferries.co.uk,Travel & Local,Vehicles & Transportation,,100,,,
trustpilot,Company / Service,www.caledoniantravel.com,www.caledoniantravel.com,Travel & Local,Travel & Vacation,,100,,,
trustpilot,Company / Service,www.canadianaffair.com,www.canadianaffair.com,Travel & Local,Travel & Vacation,,100,,,
trustpilot,Company / Service,www.carmats-uk.com,www.carmats-uk.com,Travel & Local,Vehicles & Transportation,,100,,,
trustpilot,Company / Service,www.crystaltravel.co.uk,www.crystaltravel.co.uk,Travel & Local,Travel & Vacation,,100,,,
trustpilot,Company / Service,www.demon-tweeks.com,www.demon-tweeks.com,Travel & Local,Vehicles & Transportation,,100,,,
trustpilot,Company / Service,www.directferries.co.uk,www.directferries.co.uk,Travel & Local,Vehicles & Transportation,,100,,,
trustpilot,Company / Service,www.easyjet.com,www.easyjet.com,Travel & Local,Travel & Vacation,,100,,,
trustpilot,Company / Service,www.eurocarparts.com,www.eurocarparts.com,Travel & Local,Vehicles & Transportation,,100,,,
trustpilot,Company / Service,www.evanscycles.com,www.evanscycles.com,Travel & Local,Vehicles & Transportation,,100,,,
trustpilot,Company / Service,www.f1autocentres.co.uk,www.f1autocentres.co.uk,Travel & Local,Vehicles & Transportation,,100,,,
trustpilot,Company / Service,www.ferryonline.co.uk,www.ferryonline.co.uk,Travel & Local,Vehicles & Transportation,,100,,,
trustpilot,Company / Service,www.flightcentre.co.uk,www.flightcentre.co.uk,Travel & Local,Travel & Vacation,,100,,,
trustpilot,Company / Service,www.halfords.com,www.halfords.com,Travel & Local,Vehicles & Transportation,,100,,,
trustpilot,Company / Service,www.hoseasons.co.uk,www.hoseasons.co.uk,Travel & Local,Travel & Vacation,,100,,,
trustpilot,Company / Service,www.hoteldirect.co.uk,www.hoteldirect.co.uk,Travel & Local,Travel & Vacation,,100,,,
trustpilot,Company / Service,www.huntbikewheels.com,www.huntbikewheels.com,Travel & Local,Vehicles & Transportation,,100,,,
trustpilot,Company / Service,www.jet2holidays.com,www.jet2holidays.com,Travel & Local,Travel & Vacation,,100,,,
trustpilot,Company / Service,www.kwik-fit.com,www.kwik-fit.com,Travel & Local,Vehicles & Transportation,,100,,,
trustpilot,Company / Service,www.lastminute.com,www.lastminute.com,Travel & Local,Travel & Vacation,,100,,,
trustpilot,Company / Service,www.leisurelakesbikes.com,www.leisurelakesbikes.com,Travel & Local,Vehicles & Transportation,,100,,,
trustpilot,Company / Service,www.merlincycles.com,www.merlincycles.com,Travel & Local,Vehicles & Transportation,,100,,,
trustpilot,Company / Service,www.national.co.uk,www.national.co.uk,Travel & Local,Vehicles & Transportation,,100,,,
trustpilot,Company / Service,www.nationalexpress.com,www.nationalexpress.com,Travel & Local,Vehicles & Transportation,,100,,,
trustpilot,Company / Service,www.netflights.com,www.netflights.com,Travel & Local,Travel & Vacation,,100,,,
trustpilot,Company / Service,www.ohme-ev.com,www.ohme-ev.com,Travel & Local,Vehicles & Transportation,,100,,,
trustpilot,Company / Service,www.onthebeach.co.uk,www.onthebeach.co.uk,Travel & Local,Travel & Vacation,,100,,,
trustpilot,Company / Service,www.paddockspares.com,www.paddockspares.com,Travel & Local,Vehicles & Transportation,,100,,,
trustpilot,Company / Service,www.planetx.co.uk,www.planetx.co.uk,Travel & Local,Vehicles & Transportation,,100,,,
trustpilot,Company / Service,www.plates4less.co.uk,www.plates4less.co.uk,Travel & Local,Vehicles & Transportation,,100,,,
trustpilot,Company / Service,www.poferries.com,www.poferries.com,Travel & Local,Vehicles & Transportation,,100,,,
trustpilot,Company / Service,www.premierinn.com,www.premierinn.com,Travel & Local,Travel & Vacation,,100,,,
trustpilot,Company / Service,www.prioritypass.com,www.prioritypass.com,Travel & Local,Travel & Vacation,,100,,,
trustpilot,Company / Service,www.protyre.co.uk,www.protyre.co.uk,Travel & Local,Vehicles & Transportation,,100,,,
trustpilot,Company / Service,www.regtransfers.co.uk,www.regtransfers.co.uk,Travel & Local,Vehicles & Transportation,,100,,,
trustpilot,Company / Service,www.skyscanner.net,www.skyscanner.net,Travel & Local,Travel & Vacation,,100,,,
trustpilot,Company / Service,www.sportandleisure.com,www.sportandleisure.com,Travel & Local,Vehicles & Transportation,,100,,,
trustpilot,Company / Service,www.sykescottages.co.uk,www.sykescottages.co.uk,Travel & Local,Travel & Vacation,,100,,,
trustpilot,Company / Service,www.thetrainline.com,www.thetrainline.com,Travel & Local,Vehicles & Transportation,,100,,,
trustpilot,Company / Service,www.thomascook.com,www.thomascook.com,Travel & Local,Travel & Vacation,,100,,,
trustpilot,Company / Service,www.travelhouseuk.co.uk,www.travelhouseuk.co.uk,Travel & Local,Travel & Vacation,,100,,,
trustpilot,Company / Service,www.travelodge.co.uk,www.travelodge.co.uk,Travel & Local,Travel & Vacation,,100,,,
trustpilot,Company / Service,www.travelrepublic.co.uk,www.travelrepublic.co.uk,Travel & Local,Travel & Vacation,,100,,,
trustpilot,Company / Service,www.travelzoo.com,www.travelzoo.com,Travel & Local,Travel & Vacation,,100,,,
trustpilot,Company / Service,www.tredz.co.uk,www.tredz.co.uk,Travel & Local,Vehicles & Transportation,,100,,,
trustpilot,Company / Service,www.tui.co.uk,www.tui.co.uk,Travel & Local,Travel & Vacation,,100,,,
trustpilot,Company / Service,www.villaplus.com,www.villaplus.com,Travel & Local,Travel & Vacation,,100,,,
trustpilot,Company / Service,www.webuyanycar.com,www.webuyanycar.com,Travel & Local,Vehicles & Transportation,,100,,,
trustpilot,Company / Service,www.winstanleysbikes.co.uk,www.winstanleysbikes.co.uk,Travel & Local,Vehicles & Transportation,,100,,,
trustpilot,Company / Service,yourparkingspace.co.uk,yourparkingspace.co.uk,Travel & Local,Vehicles & Transportation,,100,,,
trustpilot,Company / Service,guestready.com,guestready.com,Travel & Local,Travel & Vacation,,99,,,
trustpilot,Company / Service,kenwoodtravel.co.uk,kenwoodtravel.co.uk,Travel & Local,Travel & Vacation,,99,,,
trustpilot,Company / Service,minicabs.co.uk,minicabs.co.uk,Travel & Local,Vehicles & Transportation,,99,,,
trustpilot,Company / Service,motoringassistance.com,motoringassistance.com,Travel & Local,Vehicles & Transportation,,99,,,
trustpilot,Company / Service,www.alternativeairlines.com,www.alternativeairlines.com,Travel & Local,Travel & Vacation,,99,,,
trustpilot,Company / Service,www.atseuromaster.co.uk,www.atseuromaster.co.uk,Travel & Local,Vehicles & Transportation,,99,,,
trustpilot,Company / Service,www.caravanclub.co.uk,www.caravanclub.co.uk,Travel & Local,Travel & Vacation,,99,,,
trustpilot,Company / Service,www.chipsaway.co.uk,www.chipsaway.co.uk,Travel & Local,Vehicles & Transportation,,99,,,
trustpilot,Company / Service,www.ferrysavers.co.uk,www.ferrysavers.co.uk,Travel & Local,Vehicles & Transportation,,99,,,
trustpilot,Company / Service,www.mrandmrssmith.com,www.mrandmrssmith.com,Travel & Local,Travel & Vacation,,99,,,
trustpilot,Company / Service,www.mrtyre.com,www.mrtyre.com,Travel & Local,Vehicles & Transportation,,99,,,
trustpilot,Company / Service,www.passthekeys.co.uk,www.passthekeys.co.uk,Travel & Local,Travel & Vacation,,99,,,
trustpilot,Company / Service,www.stanstedexpress.com,www.stanstedexpress.com,Travel & Local,Vehicles & Transportation,,99,,,
trustpilot,Company / Service,www.thevisorshop.com,www.thevisorshop.com,Travel & Local,Vehicles & Transportation,,99,,,
trustpilot,Company / Service,www.laterooms.com,www.laterooms.com,Travel & Local,Travel & Vacation,,98,,,
trustpilot,Company / Service,www.traveljunction.co.uk,www.traveljunction.co.uk,Travel & Local,Travel & Vacation,,98,,,
trustpilot,Company / Service,refundprotect.me,refundprotect.me,Travel & Local,Travel & Vacation,,97,,,
trustpilot,Company / Service,www.aferry.com,www.aferry.com,Travel & Local,Vehicles & Transportation,,97,,,
trustpilot,Company / Service,gosplitty.com,gosplitty.com,Travel & Local,Travel & Vacation,,91,,,
trustpilot,Company / Service,www.holidaysplease.co.uk,www.holidaysplease.co.uk,Travel & Local,Travel & Vacation,,89,,,
trustpilot,Company / Service,flightoffice.co.uk,flightoffice.co.uk,Travel & Local,Travel & Vacation,,87,,,
trustpilot,Company / Service,www.cheetahcars.co.uk,www.cheetahcars.co.uk,Travel & Local,Vehicles & Transportation,,87,,,
trustpilot,Company / Service,cruise2.com,cruise2.com,Travel & Local,Travel & Vacation,,83,,,
trustpilot,Company / Service,www.destinology.co.uk,www.destinology.co.uk,Travel & Local,Travel & Vacation,,78,,,
trustpilot,Company / Service,wingly.io,wingly.io,Travel & Local,Travel & Vacation,,77,,,
trustpilot,Company / Service,jacadatravel.com,jacadatravel.com,Travel & Local,Travel & Vacation,,75,,,
trustpilot,Company / Service,alps2alps.com,alps2alps.com,Travel & Local,Vehicles & Transportation,,74,,,
trustpilot,Company / Service,www.highonbikes.com,www.highonbikes.com,Travel & Local,Vehicles & Transportation,,73,,,
trustpilot,Company / Service,www.travelhouse.co.uk,www.travelhouse.co.uk,Travel & Local,Travel & Vacation,,71,,,
trustpilot,Company / Service,www.nucotravel.com,www.nucotravel.com,Travel & Local,Travel & Vacation,,66,,,
trustpilot,Company / Service,xpressairporttransfer.com,xpressairporttransfer.com,Travel & Local,Vehicles & Transportation,,66,,,
trustpilot,Company / Service,groupretreats.co.uk,groupretreats.co.uk,Travel & Local,Travel & Vacation,,63,,,
trustpilot,Company / Service,www.princevisa.com,www.princevisa.com,Travel & Local,Travel & Vacation,,58,,,
trustpilot,Company / Service,www.sellyourproblemcar.com,www.sellyourproblemcar.com,Travel & Local,Vehicles & Transportation,,48,,,
trustpilot,Company / Service,albionairportcars.co.uk,albionairportcars.co.uk,Travel & Local,Vehicles & Transportation,,28,,,
